formateur,id
Cegos,1
Cegos Paris,2
ifocop - Centre de Paris 13,3
Des Enjeux Et Des Hommes SARL,4
AFNOR Comp√©tences,5
Stephenson Formation,6
MGCM,7
ESG Executive,8
Aprentiv' | Conseil et Formation Professionnelle,9
CIEFA Paris - Centre de Formation en Alternance,10
Aure√Øs Formation,11
IFCV - Formations & Alternance - Campus Anatole France,12
Afpa - Centre de Paris Politzer,13
ifocop - Centre de Rungis,14
ACP FORMATION,15
Formation Haccp,16
Mantra (ex GrowthMakers),17
√âcole en ligne de DCG - Les Geeks des Chiffres,18
Scotwork,19
Centre de Formation Professionnelle Softec - Paris,20
ADIEL BY SUP SANTE,21
Groupe GEFOR,22
BusinessDigital.fr Formation Intelligence Artificielle,23
Formaposte Ile-de-France,24
ISM - Institut Sup√©rieur du Marketing,25
EFE Formation,26
C.F.P.A Centre Formation et Perfectionnement √† l'Achat,27
achatpublic.com,28
ORSYS Formation,29
Nicomak,30
Aconsk - Conseil & Formation ERP,31
ITIC Paris,32
Kedge Business School - Campus Paris,33
Accedia | Formation N√©gociation et Coaching N√©gociation,34
Centre Europ√©en de la N√©gociation,35
Effigest Formation,36
Eedge,37
Convergences Synergiques,38
Eco Efficacit√© Formation - Formation RGE Paris & IDF,39
CFC Formations,40
"ETRE Paris, l'√©cole de la transition √©cologique",41
NEMETRA,42
LA RESERVE DES ARTS - Formation,43
Institut de la Durabilit√©,44
ACT&DO,45
Dans l'√®re du temps,46
F√©d√©ration R√©gionale des Travaux Publics √éle-de-France,47
Afifor,48
EcoLearn,49
Institut Fran√ßais du D√©veloppement Durable,50
REA Formation,51
Growth Acceleration,52
Cforpro,53
CFORPRO,54
Place de la Formation - Logiciel collaboratif de gestion de la formation,55
F√©d√©ration pour l'Entrepreneuriat Durable,56
CNFCE,57
Scotwork¬∑Lien consult√©,58
Le CNAM Ile-de-France,59
Francis Lefebvre Formation,60
GERESO Formation - Paris,61
No√© Formation Product Manager,62
APEPSUP,63
Formation commerciale et manag√©riale √† Paris - Booster Academy,64
"Formation Bureautique Paris | Officium | Formation word, excel, powerpoint, pack office",65
L'Acad√©mie de l'Office Manager,66
TalenCo,67
CERTyou,68
INSEEC BTS Paris,69
Learn Assembly,70
ESAS Formation Paris,71
"Avlis Formation Secr√©taire M√©dical¬∑e ¬∑ Rentr√©e tous les mois de l‚Äôann√©e, nous contacter‚Ä¶",72
ESAS Formation Pantin,73
Formation Secr√©taire Ind√©pendante,74
ifocop - Centre de Paris 11,75
Epsilon M√©lia - Formation continue social et m√©dico-social,76
AFPPCD,77
Vidal Formation Paris,78
Ma formation m√©dicale,79
"P√¥le de Formation Environnement, Ville et Architecture - ADIG",80
Drouot Formation,81
INCM Le Bourget,82
Afometra,83
Ifsa&Nature,84
Formationpaierh - formation en ligne √† la paie et aux ressources humaines,85
RESSOURCES FORMATION,86
CNFSE - Formation Habilitation √©lectrique sur Paris & Ile de France,87
APC RH ET FORMATION PARIS,88
"ESAGE, l'√âcole des Assistants & des Ressources Humaines en alternance √† Paris",89
Pay Job Formation - Paie & RH,90
Next Forma,91
MAMforma,92
IFJ Paris - Institut de formation juridique,93
Enadep,94
Institut de Formation en Droit Social de Paris,95
Centre Fran√ßais du digital marketing,96
Connect Learning - Formation marketing digital,97
Na√Øas Formation,98
WOYO - agence de communication & formation,99
Formation Com Web Paris - Formation Community Manager - Formation R√©dacteur Web - Formation Communication Digitale,100
AVD Formation,101
Advisea,102
Formateur WordPress pour les artistes,103
"Adumas Conseil - Accompagnement VAE, Formation, Bilan de comp√©tences",104
VIDEO DESIGN FORMATION,105
Cameraprogress FORMATION DAVINCI RESOLVE et PHOTOSHOP en individuel ou intra-entreprise,106
"All Positive, formation et coaching, sp√©cialiste du ""Marketing de soi""",107
Assisteal Formation,108
GRETA GPI2D : Greta Paris Industrie D√©veloppement Durable,109
CDF Formations,110
QualiSant√©,111
ATK Conseils - Centre de formation pour adultes,112
Opus Formation,113
CFA INSTA,114
Institut Rep√®re,115
Intuitive Process - Formation Hypnose paris - Sexoth√©rapeute - PNL -EMDR/ REC-SO,116
Comundi,117
POTENCIA Formation & Coaching | Efficacit√© professionnelle,118
devOp,119
Dailliez-formation,120
Process Influence,121
ISFORM,122
ISM - Institut Sup√©rieur du Marketing¬∑Lien consult√©,123
e-CoachDigital - Formateur digital IA,124
MaCertif,125
Serial Restaurateur - Formation Hygi√®ne Alimentaire,126
Stelo formation,127
Centre Cegos jourdain,128
Formation obligatoire CSE,129
Institut de Recherche Intelligence et Syst√®mes Formation Conseil SAS,130
NobleProg France,131
ib Cegos Formation informatique Paris,132
Activ'partners,133
Centre de formation au Cod√©veloppement Professionnel,134
Onyx Formation Conseil,135
"Action Life coaching confiance en soi, d√©veloppement personnel et √©volution de carri√®re",136
"Coach Reconversion, Transition Professionnelle, confiance en soi",137
Comment d√©velopper la confiance en soi?,138
Samuel.coach - Prendre Confiance En Soi,139
Eva Wagner - Coach de Vie - PARIS,140
Parcours du loup blanc,141
Dorine NKODIA - stages developpement personnel - confiance en soi - gestion des conflits,142
Avenir Navigant Formation,143
CLASS'HOTESSE,144
CNFCE - Rouelle,145
E2M Formation,146
Ecole Fran√ßaise H√¥tesse et Tourisme Paris,147
EFHT - Ecole Sup√©rieure de Tourisme,148
Digital Training Factory,149
L' Atelier Digital,150
Digital Formations,151
DIGICLASS,152
"Clic Comp√©tences - Formations Excel, Bureautique, Photoshop, Graphisme, Wordpress, Informatique, Python, Sketchup, AutoCAD.",153
First Finance,154
"CNAM - EFAB Economie, Finance, Assurance et Banque",155
Afges,156
France Gestion - OMGA,157
FINANCE TRAINING,158
Finance Training,159
Investir Immobilier Imp√¥t - Conseil en investissement,160
Investir dans l'ancien,161
CEFIOB Formation Banque Finance Assurance Immobilier,162
Magma Formation Loi Alur pour les agents immobiliers,163
CARR√â INVESTISSEUR - Investissement locatif,164
Invest Acad√©mie,165
G.E.I.F (Groupement Europ√©en Investisseurs Fonciers),166
INVESTISSEMENT CAPITAL & FORMATION,167
Lefebvre Dalloz Comp√©tences (Formation),168
KeepSchool - Formation Professionnelle,169
Jedha Bootcamp - Formation Data Analyst et Data Scientist,170
SKY CO Formation Retail,171
Texageres,172
Proactive Academy,173
EM Normandie Business School - Campus de Paris,174
INSECC - Ecole de Comptabilit√© et Gestion,175
Finance for Tomorrow,176
FL Finance & D√©veloppement,177
Sciences Po Finance,178
DOLFI Formation,179
Formation Excel Paris | Formation Bureautique | Kronoscope,180
Belformation,181
Ellipse Centre de Formation - Location de Salles - Coworking,182
IFBI FORMATION,183
Solpedinn | Formation Excel & bureautique,184
Formation Excel - Excellers Academy,185
C√©dric Le Meur - Formateur en bureautique (Excel...),186
VBA POUR TOUS FORMATION | CPF VBA EXCEL PARIS,187
ExcelForma,188
Proformation,189
LEARNPERFECT,190
"MYPE, formations Power BI",191
PLB Consultant,192
Ambient IT - Formations informatiques,193
VIVADATA - AI Programming School,194
Pr√©pa PL-300 Microsoft Exam,195
Access R√©ussites,196
Access42,197
Access Training,198
Access Code School - Onlineformapro,199
ACCESSIT FORMATION la d√©fense,200
Pyramyd,201
CAPITAL FORMATIONS,202
AFORMATION,203
FORMATION REVIT PARIS,204
WebexpR,205
Oxiane Institut,206
Formation Microsoft 365,207
Alphorm,208
Ren√© Franceschi,209
Ecole MJM Graphic Design,210
"Nicolas de Beaulieu, enseignant en digital et design / cadreur monteur vid√©o",211
L'√âcole Multim√©dia,212
Marcorel,213
Webmyday - Formations digitales pour freelances,214
E.C.G Ecole en Communication Graphique,215
Draconic - Graphisme Formation,216
CFPJ - Centre de Formation et de Perfectionnement des Journalistes,217
FORMATION PHOTOSHOP PARIS,218
"Formation PAO, Photoshop, R√©seaux Sociaux | Paris| Onlyweb Formation",219
Ziggourat Formation,220
THE PHOTO ACADEMY Paris,221
EVA Formations,222
formation Illustrator Paris,223
Formation Sketchup Adebeo,224
GRAPH LAND,225
Formation mod√©lisation 2D / 3D - Autocad & SketchUp,226
Formation AutoCAD Ile-de-France,227
M√©tamorphe concept,228
JMC Formation,229
Jean-Fran√ßois BRIGAUD Formation REVIT Architecture & AutoCAD,230
Formation Revit,231
Formation Revit Ile-de-France,232
One Learn,233
DAWAN Paris,234
Les Cr√©ateurs 3D,235
PREREQUIS FORMATION (MicroStrategy - Oracle EBS - Conduite du Changement),236
Espace formation conduite,237
CIR+ QUALIPERMIS REPUBLIQUE,238
Auto-√©cole AS Formation Paris 11 - Oberkampf,239
AB CONDUITE,240
ECOLE DE CONDUITE PLACE DES FETES (bySTALINDRIVE) CPF,241
Cap Sirius,242
MediaTraining.info - Formation en media training,243
Expat Communication,244
Certifications en gestion de crise,245
Nitidis - agence de communication de crise,246
CRISOTECH,247
FK FORCE,248
LaFrenchCom - Agence de communication de crise,249
VD Communication / Ile de France News,250
Organisme de formation √† Paris - CounCelling,251
MY COMMUNICATION - Formation SEO Pr√©sentiel et distanciel OPCO & p√¥le emploi,252
CAMELUNA | AGENCE DE COMMUNICATION VISUELLE ET DIGITALE | CENTRE DE FORMATION,253
L'Acad√©mie de la Haute Performance,254
Our√©a Coaching - Bilan de comp√©tences / Coaching Professionnel / Formation,255
L'Ecole Sup√©rieure de Coaching,256
"EAR, Ecole un Autre Regard, √âcole de coaching Paris",257
Coachingsup Orientation,258
"Les Coachs Associ√©s, formation voix, formation com√©dien, formation acteur, voix off, voix, stage voix, formation publicit√© et documentaire, stage AFDAS",259
Empowerment Center,260
IME Conseil,261
Arche Hypnose,262
AMA Campus,263
Time Circle,264
Institut des Neurosciences Paris-Saclay - NeuroPSI CNRS,265
ICF,266
supervision socioanalyse coach,267
SO CONSEIL & FORMATION - Experte du d√©veloppement des organismes de formation,268
Hi!Coaching - Organisme de formation,269
IDSUP,270
Team Intelligence - L'√©cole du coaching d'√©quipe,271
SERENITY INSTITUT üë©üèº‚Äçüéì Formation de Coach Professionnel certifi√©e RNCP √† Paris et en ligne,272
MF COACH,273
Haute √©cole de coaching,274
Centre International du Coach Paris,275
EntreVoies Coaching,276
Ecole Boost Coaching,277
"Alorem Paris - Gestion des Talents : Assessment center, Formation de Talent Manager, Cabinet Conseil",278
Fonds Interprofessionnel de Formation des Professionnels Lib√©raux FIF PL,279
Euridis Sales Academy,280
Rocket School,281
Akimbo,282
Euridis Business School - √âcole de commerce Paris,283
Euridis Business School - √âcole de commerce Paris 19√®me,284
Fastcube Academy,285
iconoClass,286
"Formation LinkedIn | Prospection, Social Selling & Contenu",287
DIGITALSELLER | Formation Social Selling Paris,288
Media Institute,289
The Smartworking Company - Formation R√©seaux Sociaux,290
Social Selling Club,291
"Qwantiq Formation Techniques de vente, Management et Relation Client",292
Formation Vente,293
Formation commerciale Paris - Uptoo formation,294
GRETA CDMA,295
GRETA METEHOR PARIS,296
FORMATION COMMERCIALE - Coach de Vente Conseil,297
"Clic Campus - Formations d'anglais CPF, espagnol, allemand, italien, portugais, japonais, arabe, langues √©trang√®res, mandarin",298
LAM FORMATION,299
LiveMentor,300
Rocket Academy,301
Fitec,302
ACTIV THINK,303
L'Essentiel Est Dans la Formation,304
V√©ronique BESSONNAT La FORMATION COMMERCIALE,305
IFCEP,306
LFE-formation,307
JE COMPTE,308
Cr√©Actifs - Formation pour Entrepreneurs,309
IGS Formation Continue Paris,310
Nextformation - Op√©ra,311
OPEN Formation,312
AMB Formations,313
Avenireo,314
Anim & Com Consultant,315
Acad√©mie du Coaching,316
ABLECOACH - Centre de bilans de comp√©tences et coaching professionnel,317
Coach Acad√©mie | √âcole de Coaching √† Paris,318
Digital Manners,319
DigitalAcademy,320
La Fabrique √† Clients,321
L'√©cole du digital,322
Digital Campus Paris,323
The Digital Genius,324
Communication Qualit√©,325
Cfa Des M√©tiers De La Communication Visuelle Et Du Multim√©dia,326
EFAP Paris Raspail - √âcole de Communication,327
IMCI ‚Äì Formation community manager,328
Marketingformation.fr,329
CCM Benchmark Institut - Formations,330
ALLOKOM - Formation r√©seaux sociaux,331
Tamento Formations Paris,332
Pellerin Formation,333
Graphisme et Communication,334
Thea Web Design,335
Autograf - Ecole de Design Paris,336
Com'Art Design Paris,337
√©vol√©o formation,338
E-FormaPlus,339
"ESG Luxe, √©cole de marketing et de management du luxe √† Paris",340
Ffollozz √©cole de marketing d'influence √† Paris,341
"ICMD, Institut de Communication & Marketing Digital √† Paris",342
Olivier Coach Digital - Conseil et formation en communication digitale,343
VOLONTARIAT MEP,344
Formations gestes et postures | NEO FORMA,345
Forentem,346
Association Des pr√™tres pour toutes les nations,347
Ifomene (Institut de Formation √† la M√©diation et √† la N√©gociation),348
Fnepsa,349
F.n.d.e.,350
"FEDESAP, F√©d√©ration des Services √† la Personne et de Proximit√©",351
Formation r√©f√©rencement naturel (formation SEO),352
Create for Good,353
L'Institut de l'Ev√®nement,354
L√âVENEMENT Association,355
UNIMEV - Union Fran√ßaise des M√©tiers de l'√âv√©nement,356
EVENEMENT,357
P√©pite Paris,358
Les Maisons Boson,359
Les Ateliers Durables - Ateliers Bien-√™tre au travail,360
PEXE,361
"Formedia : Formations pour les entreprises, particuliers",362
EFE Formation¬∑Lien consult√©,363
"La Bo√Æte aux Images : media training, formations prise de parole, profils AEC DISC",364
Mediat Coaching,365
Club au service du d√©veloppement des r√©seaux et des relations internationales,366
"E.L.A Formation (√©ligible CPF, FNE, DIF) √† Paris La D√©fense",367
Coaching et Storytelling,368
ISART Digital,369
RETAIL FORMATION,370
SEOlympe - Organisme de formation en SEO,371
SEO High Level,372
Mes Ateliers SEO,373
Laurence NEIGE ‚Ä¢ Formation WordPress - Cr√©ation de sites internet,374
SEO Academia,375
Human Web - Formation WordPress & SEO - QUALIOPI,376
ART ORATOIRE ET PRISE DE PAROLE EN PUBLIC /Coaching et formation √†,377
Formation de prise de parole en public,378
Prise de parole en public pour √™tre m√©morable,379
Formations prise de parole en public Paris-Les orals,380
"inventiO formations & coaching : Prise de parole en public, art oratoire, √©loquence et strat√©gies",381
Diplomance,382
Centre de pr√©paration au dipl√¥me d'√âtat d'audioproth√©siste (CPDA),383
Letmotiv - Prise de parole en public,384
"Jean-Corentin Poisson - Formation / Coaching en Prise de Parole, Pitch et Art Oratoire",385
ProfilCulture-Formation,386
R√©manence des mots - Atelier d'√©criture cr√©ative,387
AXIZ eBusiness - Formation & Coaching en Prospection Commerciale Digitale,388
Formation LinkedIn CPF - OPCO Emmanuelle petiau,389
Formation SAP Eligibles CPF ERP Consulting & Formation,390
Potentials - Formations et bilans de comp√©tences,391
"Coach de vos Talents : Coaching Prise de parole en public, Media Training & Communication",392
UNFOLD ME - Prise de parole en public,393
"Cours - Stages - Formation Bureautique, PAO, Comptabilit√© - Paris",394
CNAM - INTEC Institut National des Techniques √âconomique et Comptable,395
ENOES - l'Ecole de l'Expertise Comptable et de l'Audit,396
D√©ficompta - Formations √† distance,397
IMP PARIS - formation professionnelle - m√©tiers du social - charg√© d'affaires - comptabilit√© - commerce,398
ProCompta,399
Union Professionnelle des Professeurs Cadres et Techniciens du Secr√©tariat et de la Comptabilit√©,400
Institut CGS,401
IGS Insertion Inclusion,402
formation-gestion- de-paie,403
FinHarmony,404
ISSIN Conseils Formation,405
CNAM Conservatoire national des arts et m√©tiers,406
L'Arbre √† Id√©es - Coaching Professionnel pour Entrepreneurs,407
CNEH,408
D√©clarer ma location meubl√©e,409
Centre de Formation de la Profession Comptable,410
Centre Inffo,411
waltio,412
L-Expert-Comptable.com,413
Optima Business | D√©veloppement Financier Premium,414
Expert-comptable √† Paris - Numbr,415
Classeos,416
I.F.I.C.A Institut Formation Industriel Conseil et Audit,417
Wersus,418
Comp√©tences et D√©veloppement ‚Äì R√©seau d‚Äô√©coles et de centres de formation,419
Formation gestes et postures - M√©thode Bottero,420
Macreationdentreprise,421
Cnam entrepreneur(s),422
Centre de Formation Cr√©ation de soci√©t√©,423
Walter Learning - formation en ligne,424
Entrepreneurs Acad√©mie,425
La Maison de L'entrepreneur,426
C.R.A FORMATION,427
All Consulting Accompagnement - Trouves ton id√©e et cr√©e ton entreprise en - de 30 jours,428
ID√©e Conseil et Formation,429
Formation Consulting,430
CCC Conseil en Formation,431
Haute √©cole de formation & consulting,432
Mcd Conseil Formation,433
BIKE‚ÄôN LEARN Formation sur v√©lo-bureau,434
Institut Artline | L'√©cole en ligne de la cr√©ation num√©rique,435
Format Cycles,436
Centre de formation | Conseil et formation | Marketing digital | WM Digital | Wassila Moussaoui,437
"Facult√©.s, l'organisme de (trans)formation de l'ebg",438
COMCI - Comp√©tences Commerce International,439
Ecole de commerce Paris - ICD Business School,440
HETIC,441
PST&B Paris,442
"ESAM PARIS - √âcole de Management, de Finance et de Droit",443
Formatex - Organisme de Formation,444
PilotCity - formation vtc,445
Opaline Aero Formation,446
Web School Factory,447
"Xavier Coach Anti-Procrastination - Formations : gestion du temps, productivit√©, concentration et motivation",448
formation leadership,449
Ana√Øs Feltro - Coach Mindset & Mentore Empowerment f√©minin,450
Chine Lanzmann - Coaching professionnel - Woman Impact,451
FORMALIS - Formations - Plateforme E-learning,452
"Sandra Martin, Singularis Femina, coaching pour les femmes, bilan de comp√©tences",453
Zepresenters,454
Garance&Moi,455
ARIF Social,456
Audigny Consulting / Audigny Formation,457
FEEF. F√©d√©ration des Entreprises et Entrepreneurs de France,458
Adova Group,459
"Dig-IT - Formations, Services et RH IT",460
IPI Paris - Ecole d'informatique,461
Form'IT - Formations informatiques sur-mesure,462
Ecole des m√©tiers de l'informatique - SUPINFO Paris,463
Yichnal Formation et Services Informatiques,464
IMIE Paris - √âcole Sup√©rieure d'Informatique,465
Sciences Po Executive Education,466
ARECOOP,467
Institut national des techniques de la documentation,468
agile methods,469
Agilemind France,470
Play Agile,471
AGILE THINKING,472
Agilit√© RH,473
Eco-Eco - Agence conseil & strat√©gie RSE,474
RSE & interculturalit√©,475
Destination RSE | Conseil et formation,476
Strategium Entreprendre - Centre de formation,477
Pr√™t √† Former,478
DFCG Formation,479
Top Finance,480
AC FORMA - Formations pour dirigeants et entrepreneurs,481
RH FORMATION,482
RH for Business,483
R√©f√©rence RH,484
R√©f√©rence DRH - Direction des Ressources Humaines Augment√©e,485
RH France,486
DRH Conseil,487
RH Performances Paris - Cabinet de recrutement et de formation - Paris,488
Business & DRH,489
Elite IRP,490
IREFE,491
France Leader Formation,492
Cercle International Des Femmes Leaders,493
SAS Les Clefs De La Performance,494
LEAD Formation,495
FORMATION MANAGEMENT PARIS,496
Management Academy,497
Management public : am√©liorer la qualit√© du service rendu,498
Formation For Manager,499
Manager Formation,500
Managers en Mission | Management de transition - Paris,501
Managing Worldwide Teams,502
Leadem - Maria Escuer,503
Maxwell Leadership Francophonie,504
Institut de formation √† la sophrologie,505
FFMBE - F√©d√©ration Fran√ßaise de Massages-Bien-√ätre,506
Centre Sivananda de Yoga Vedanta Paris,507
Retraite Plus,508
Switch Collective,509
Cours Servais - Ecole de formation √† distance,510
Association Valentin Ha√ºy AVH,511
Actions-Finance,512
Acfitec,513
Ife Bat,514
AGIR FORMATION,515
Agir pour le Climat - Pacte Finance Climat,516
GreenUpClimat,517
AGIR-Formations-IA-ChatGPT,518
ClimateSeed,519
IFC - Institut de Formation Carbone,520
Everyone Eco,521
Ethique Formations,522
Ch√©rissez vos √©motions - Formations et ateliers en entreprise,523
Atelier Elemento - √©cole de bijouterie,524
Les Ateliers de la Formation Commerciale et du Management,525
FI - Formation/conseil en num√©rique responsable,526
PEAJ,527
Association Philotechnique,528
I.R.E.M.A Formation professionnelle en addictologie,529
Association FAIRE,530
Association Bernard Gr√©gory,531
Super Professeur,532
Epigraphe Avocats,533
Prosecurite Formation,534
CFA numiA,535
DTHINKING,536
Minist√®re de la Fonction publique,537
Centre de Formation Juridique,538
Idp,539
Master de droit social - Universit√© Paris-Est-Cr√©teil,540
ECHO CSE,541
L'√©cole des CSE,542
Lise MATTIO | Formations obligatoires du CSE,543
Les Acteurs de la Comp√©tence,544
Coh√©rences - Organisme de Formation Continue Paris,545
2C MANAGEMENT - Formation Achats & RSE,546
√âcole Acteurs Artisans,547
"Freddy Vallerant Formation CSE, CSSCT, RPS",548
ADN CSE,549
PROMET√âA,550
Nanshe Expertise,551
Pr√©v'it Formation,552
Sicoge,553
CNFSE - Centre National de Formation en S√©curit√© et Environnement,554
S√©curit√© Routi√®re Formation,555
Formations Sant√© et S√©curit√© au Travail - Pulsart,556
S√©curit√© Accessibilit√© Formations Expertise,557
FCS FORMATION,558
SANT√â S√âCURIT√â CONSEIL et PR√âVENTION - 2SCPrev,559
SAVPRO Formation,560
Centre du Burnout,561
"Coach th√©rapeute en th√©rapie br√®ve, Souffrance au travail, Burn-out, √©puisement Estelle Boutan ALLEGRIO",562
Handi Formation,563
FAGERH,564
A.P.F Formation,565
Mission Handicap Assurance,566
Association OETH (Objectif d'emploi des travailleurs handicap√©s),567
agecif,568
Semaine europ√©enne pour l'emploi des personnes handicap√©es,569
Transitions Pro √éle-de-France,570
Kimso,571
Sciences Impact. Organisme de formation √† la communication scientifique et technique,572
Agence LUCIE,573
Institut Fran√ßois Bocquet,574
OOMyCoach Formation en Imaginologie¬Æ. M√©thode JIA¬Æ,575
Sophrenzen ‚Äì Institut de Formation Hypnose - PNL - Th√©rapies Br√®ves ‚Äì Paris,576
Cano-P Formations,577
Energie-Emotions,578
energ8sens,579
Centre de l'Intelligence √âmotionnelle,580
"OSENS LIFE - Formation/Consultation en th√©rapies quantiques/holistiques √† distance/en pr√©sentiel - Produits/Soins bien-√™tre/sant√© naturelle, th√©rapeutiques/√©nerg√©tiques, quantiques, bior√©sonance, magn√©toth√©rapie",581
√âcole d'Analyse Transactionnelle,582
√âCOLE FORMATION ANALYSE TRANSACTIONNELLE,583
PSYCHOTHERAPIE EN ANALYSE TRANSACTIONNELLE,584
Cap Retraite,585
Alineo Formation,586
CFDT √©ducation Formation Recherche Publiques,587
Bilan de Comp√©tences √† Paris - PROFIL C,588
Bilan de comp√©tences - Formation Coaching - Marque employeur - Chasse de t√™tes CROSSROADS,589
INETOP,590
INTERAVENIR,591
"I2FTB - Institut Fran√ßais de Formation en Th√©rapies Br√®ves - Formation Hypnose, PNL, Coaching, Th√©rapies Br√®ves",592
Im'P@CT-TEL - Attente T√©l√©phonique Professionnelle,593
IFOD Coaching,594
Growth labs consulting,595
Growth Hacking - Formation,596
Kevin Lage - Formation Growth Marketing (LinkedIn),597
Draw My Futures,598
Camille Wallecan Coaching prise de parole en public,599
ParoSph√®re Formation,600
Prosodia - Organisme de Formation - Centre d'examens,601
AFCOPIL Formation IDEL,602
ADPE CENTRE DE FORMATION PROFESSIONNELLE,603
PPA Business School - √©cole de commerce et de management,604
EXCELLART - Expert de la reconversion professionnelle (Bilan de comp√©tences & connaissance de soi),605
Edusign,606
OCT-OPUS Formations,607
BOOST UP,608
Doxa Formation,609
BOOST MY BIZ,610
Apprentissage Corps M√©moire,611
Centre de Formation Professionnelle Continue en Ost√©opathie et Th√©rapies Manuelles,612
Formation commerciale et manag√©riale √† Charenton le Pont - Booster Academy,613
Ateliers d'√©criture avec des √©crivains | Ateliers Bohaime,614
Drop Academy Pantin - Formations TAXI / VTC / VMDTR / Stage r√©cup√©ration de points,615
Meteor,616
L'invisible essentiel,617
EnglishBooster,618
Speakup English Coaching : Cours d'anglais Paris - Formations √† distance.,619
EXCILIO,620
Ines Expertise : √âcole d'expertise comptable √† Paris,621
IE University - France Office,622
GES Executive Education,623
IFG Executive Education,624
Executive Education Dauphine-PSL,625
Institut Fran√ßais de l'Audit et du Contr√¥le Internes I.F.A.C.I,626
Finances & P√©dagogie,627
Association Fran√ßaise des Tr√©soriers d' Entreprise (AFTE),628
gestion-tresorerie,629
Indigo Blockchain School,630
Blockchain Business School,631
La Chaintech - Association Francophone Blockchain,632
MSH Conseil (Management des syst√®mes humains),633
"ENGDE, √©cole sup√©rieure de gestion et expertise comptable",634
√âcole de Gestion des Risques,635
Formatrans France,636
AFDCC,637
Groupe IGF,638
ADOMLINGUA,639
To Be Continued - Centre de Formation Bailly Romainvilliers,640
SIPCA - Institut de formation des Formateurs-Consultants,641
MMC Formations Paris - Formations pour formateurs,642
Facilit Formation,643
Archipel Formation Professionnelle,644
Gestion De Projet-Auto Formation et Cours Ludique,645
Digital FX Formation,646
Association Formation Emploi Num√©rique - Aforen,647
Apprendre & Transmettre,648
Toute la formation,649
FORMATION DU PRESENT,650
Ressources Formation,651
KN Formation & D√©veloppement,652
Academiste.com : Centre de formation digital,653
Cl√© √† Formations,654
Conseil et formation en gestion du changement,655
Acad√©mie de Puissance Mentale - Ecole Francophone des Coachs en Pr√©paration Mentale,656
QUALIOPI 100% Garantie - SI Consulting : Le Cabinet de Conseil des Acteurs de la Formation - CPF - France Comp√©tences - CFA,657
Qualiopi Certification - Ing√©nierie de la Formation- 100% Certifi√© Qualiopi ou 100% Rembours√© !,658
Accompagnement Qualiopi,659
Qualiopass - Accompagnement √† la certification Qualiopi (audit initial - surveillance - renouvellement),660
Qualitop Formation,661
Qualiview Conseil,662
Centre de bilans de comp√©tences M√©tod Paris 8 CPF Qualiopi,663
Centre de bilans de comp√©tences M√©tod Paris 1er CPF - QUALIOPI,664
Athyr Formation,665
Atefor,666
A.F.T.P.V Association,667
UP FIVE,668
Formation Professionnelle | F2I-Formation,669
INGETIS Paris,670
APTITUDE,671
Institut de L'Expertise,672
CANOPEA FORMATION [Centre Certifi√© Toon Boom],673
Rhinoc√©ros - Formation Professionnelle,674
Crea Image,675
Assessments 24X7 fr - Formation DISC,676
Centre de Formation Laser,677
CVprofessionnel,678
SOS √âducation,679
LFR FORMATION M√©thode intuitive & interactive,680
DJ Network Formation,681
Digitalix Formation,682
Formation Marketing Vente,683
Campus Form by CFPMS,684
FFD Formation,685
Global Training Formation,686
Gordon Crossings,687
"Centre de formation Paris, Leadership, Management, Gestion des conflits, RPS, coaching, team building KOAN ACADEMY",688
MyDigitalSchool Paris,689
My Digital Cook,690
Secret Therapy Academy,691
L'√âcole du Recrutement,692
Edgar People - Cabinet de Recrutement Digital,693
Institut du Recrutement,694
"Offre d'emploi cadres dirigeants paris, europe",695
Eotim,696
"Dixer, formations en marketing digital",697
The e-Commerce Academy,698
merci e-commerce,699
Ecommerce Level Up,700
Formation e-commerce,701
FMS - L'√©cole de commerce du Food Business,702
School Online University,703
La Fabrique,704
24pm Academy,705
Marketing Automation Academy,706
The Design Crew,707
Design Thinking Bootcamp by French Future Academy,708
Usabilis,709
Lorem UX Writing,710
Studiometis,711
Itecom Art design,712
CREAPOLE,713
Formation Design Thinking,714
DSP Digital School Of Paris | La Grande √âcole du Digital,715
Formations Marketing Digital | communication | management,716
Formateur Wordpress √† Paris,717
PixAndWeb13 & Formation,718
Unow,719
Bloomr Impulse,720
Generation France,721
On train,722
Campus Energy Formation - GRDF,723
Centre de Formation de Fermetures Industrielles et Collectifs - CFFIC,724
Ecole d‚Äôimmobilier IMSI Paris,725
Groupe ESPI (Ecole Sup√©rieure des Professions Immobili√®res),726
Suptertiaire Paris - √âcole d'immobilier,727
Ecole Sup√©rieure de l'Immobilier (ESI),728
OEFE,729
Les Secrets de l'Immo I Investissement locatif sur-mesure √† Paris et dans le Grand Paris,730
Gestion Locative Plus,731
Syndex Paris,732
Pr√©vention des Risques au Travail Formation (PRT Formation),733
CFPSP Formations s√©curit√©,734
Pr√©va conseils,735
Pass Sante Travail Formation,736
Scope Sant√© S√©curit√©,737
Institut National d'Expertise en Pr√©vention et S√©curit√©,738
1901 Formation,739
Nomino Formation,740
Ai Environnement - Formation,741
France Nature Environnement,742
France Nature Environnement √éle-de-France,743
F√©d√©ration Nationale d'Agriculture Biologique,744
Institut Sup√©rieur de l'Environnement,745
CPR Asset Management,746
Cfm,747
Assetsman,748
Dataos,749
DPO 101 RGPD,750
AgilBee,751
MHD Formation,752
OCTO Academy,753
Webstart,754
MED TRAINING AND CONSULTING,755
Join Maestro,756
Gladwell Academy France,757
FCT SOLUTIONS,758
QRP International France,759
DataScientest,760
GRPG Formation,761
AgiTips,762
IFGPE,763
EDUCAGILE,764
Apprenant Agile,765
SKILL Vous Faut,766
AB Consulting France,767
Actinuum,768
Skills4All - Formations et certifications internationales,769
W.F Certifications Prep.,770
HUB Institute,771
Cr√©argie,772
Campus Fonderie de l'Image,773
Lean en ligne,774
Rise Up - Solution Learning (LMS/LXP),775
Formation Lean - Cubik,776
Bpifrance Assurance Export,777
Revue Banque Formation,778
Fonds de Garantie des Victimes,779
L'International,780
IFC International Formation Conseil,781
ilci - Institut de Langues et de Commerce International,782
"LFC Conseil ‚Äì Conseil, Formation en Commerce international et Douane",783
ISTELI Paris - Transport & Logistics Management School,784
Ph≈ìnix Logistique,785
"Institut Nemo : Centre de formation de logistique, transport et distribution √† Paris",786
EILOA - √âcole Internationale de Logistique des ≈íuvres d'Art,787
IFALP - Institut Fran√ßais des Achats et de la Logistique Publics,788
ESLI Paris - Ecole Sup√©rieure de Logistique Industrielle / GIP CEI,789
Ecole Internationale du Spa,790
Monsieur Capa,791
Ode Transport,792
Ponts Formation Conseil,793
ALTAPRISMA,794
O D A S C E,795
ED Editions,796
TAKEPORT,797
ESVE - √âcole sup√©rieure de vente et d'exportation,798
Formation-Export,799
Institut F2I,800
ifocop - Centre de Gonesse,801
SEMAE Formation,802
France Supply Chain by Aslog,803
SAG&LOG,804
Cifod Paris Est,805
R AUDIT ET FORMATION,806
La Plateforme de la Formation - Formation CACES - AIPR - Habilitation Electrique ‚Äì SST ‚Äì Port Harnais au plus proche de Paris,807
E.S.T. - Ecole Sup√©rieure des Transports,808
AFTRAL P√¥le Enseignement Sup√©rieur,809
ISTELI Gennevilliers - Transport & Logistics Management School,810
Futurlog - Logistique e-commerce,811
Formalogistics,812
Centre de Formation Blanchard - Capacit√© de Transport,813
Groupe Lean France,814
Forma Lean,815
SAGEFORM,816
Campus Promotrans Paris - La D√©fense,817
Groupe Promotrans,818
Supply Chain Masters,819
Action Formalys - Proformalys,820
SUP de V,821
Estim Formation,822
FNTR F√©d√©ration Nationale des Transports Routiers,823
F√©d√©ration Nationale FO Transports et de la Logistique UNCP,824
FNTV - F√©d√©ration Nationale des Transports de Voyageurs,825
HEKA Formations - Centre de Formation de Transport de Sang et d'Organes,826
aurlom √©ducation,827
HumanCentric Formations Paris | Management | D√©veloppement Personnel,828
COFAD Consulting,829
AED Formation,830
"ECRITORALIUM - Agn√®s DAMAS - Formation en Fran√ßais : FLE, Fran√ßais Professionnel, Remise √† Niveau - Niveaux A1 A2 B1 B2 C1 C2",831
Gymnase du Management,832
Accompagnateur de projets europ√©ens - Welcomeurope,833
ISEK,834
LNF - Les Nouvelles Formations,835
Evolution & Perspectives,836
R√™v'√©lation RH - VAE | Bilan de comp√©tences et d'orientation scolaire | Coach professionnel I Parcoursup | Formations,837
Intelligences Alternatives,838
EFFICOM Paris,839
Evolu Team,840
N√©osoft Training,841
Opco Atlas | √éle-de-France,842
Developpement-PME.com,843
Diversity Conseil,844
V.I.T Very Important Training,845
Anemo,846
ETS Ecole Europ√©enne,847
Travail et Talents,848
Esupcom' Paris,849
YOUR SALES TEAM,850
Formation-leadership,851
Institut de Strat√©gie et de Management International,852
CREAgile - Organisme de formation et conseil en intelligence collective,853
Herv√© Coudi√®re - Hommes et Coop√©ration - consultant management,854
"EMERGENCE, Institut de formation M√©diateur CNV",855
SUPDEWEB Paris,856
L'√âcole des Pros - Ecole de formation en ligne,857
EFAP Paris Champs-√âlys√©es - √âcole de Communication,858
ISEFAC Alternance Paris,859
Paris School of Tourism & Communication,860
LIDEO.CO,861
CIPAS ( Centre de pr√©paration √† l'audit social/soci√©tal ),862
Audit Conseil Formation,863
Ecole Fran√ßaise de Formation √† l'Audit,864
Tanit Formation,865
Man'Agir Consultants,866
Apilean,867
Lion - L'√©cole de l'√®re entrepreneuriale,868
Clean Formation,869
The Lean Six Sigma Company,870
COLEO - Conseil et formation en Lean Construction,871
Performant Consult,872
PAE FORMATION,873
Propassif - formation certification b√¢timent passif passivHauss,874
Apsie,875
BDD FORMATION,876
BSD CONSEIL,877
VIAS Formation espagnol,878
ebd - Les formations de l'information,879
Direction Services Direction D√©veloppement Economique Emploi Enseignement Sup√©rieur Ddeees,880
BDE.ESMD,881
Skillsday,882
FeedBack Formation,883
DOLFI Formation¬∑Lien consult√©,884
CNFP - Le Centre National de Formation Professionnelle,885
CFA des M√©tiers de L'√ânergie,886
√âcole √ânergie Tech,887
Centralesup√©lec Exed,888
ISTELI Noisiel - Transport & Logistics Management School,889
"Manufacture de l'acteur, √©cole de th√©√¢tre professionnelle",890
Studio Muller - Formation d'acteur Th√©√¢tre & Cin√©ma,891
Objectif Formation,892
Laboratoire de l'Acteur-H√©l√®ne ZIDI,893
EFIT (√âcole Fran√ßaise d'Improvisation Th√©√¢trale),894
CEFPF - Centre Europ√©en de Formation √† la Production de Films,895
OBJECTIF FORMATION CINEMA,896
Formitec formation,897
Pactes Conseil Management social,898
La gestion de projet facile,899
MaCertif¬∑Lien consult√©,900
Safe Skills,901
Safe Handling (Formation A√©roportuaire),902
SAFE - Soci√©t√© d'Aide √† la Formation & √† l'Expertise | Formation 95,903
Cap Leader,904
NUMERICTIME Formation CSE et Formation CSSCT,905
Psycho-praticienne en Analyse Transactionnelle - sp√©cialis√©e aupr√®s des cadres-dirigeants,906
Slti Formation,907
Ecole de Sant√© Naturelle,908
Isophrocom - Institut de Formation en Sophrologie et Communication,909
Yo'Time - La pause yoga en entreprise,910
stressee au travail,911
EFIA Formation,912
Fashion Skills - Ecole de formation par correspondance,913
Educatel - Ecole de formation √† distance,914
Skills to Learn,915
Exoformations,916
Side quest formations,917
Votre R√©f√©rent Qualit√©,918
AG Formation,919
Ifis Groupe - Institut de formation des industries de sant√©,920
CUBIK,921
Vocation CRPE,922
AVECsant√© (anciennement FFMPS),923
ANFH,924
SFTG,925
Orient√©a,926
Elansit√©,927
I.M.E.P.P Institut de M√©diation et d'Education Permanent Pantin,928
Chance,929
Axe Formation Insertion,930
Action Connaissance Formation pour la Surdit√©,931
STOPORISK,932
Association Les Eco Maires,933
TASQ-OM,934
Imooving Paris Gare du Nord - ventes r√©parations de trottinettes et v√©los √©lectriques et accessoires,935
Bvt,936
ALIS AGR√â√â APPLE,937
Inter-Actif R√©publique Ô£ø Revendeur Agr√©√© Apple - Centre de Services Agr√©√© Apple,938
idealCO,939
Groupe ACN,940
Gesip,941
EQL - √âcole de la Qualit√© Logicielle,942
Cubes et Petits pois : Formation et Consultations en Diversifications et Education Alimentation Infantile B√©b√©,943
Safety Bus,944
CNPP,945
IFOPSE,946
Hipotel Paris Voltaire Bastille,947
AMET Formation,948
Certup,949
Terra Institute,950
ISCOM,951
Fondation pour la recherche sur la biodiversit√© (FRB),952
Centre National de la Fonction Publique Territoriale (CNFPT),953
France Ville Durable,954
Transition Analyse de Groupe et d'Institution,955
The Shift Project,956
Uniformation,957
OPCO Sant√©,958
Phone Training Formation relation client au t√©l√©phone,959
T√©l√©formation,960
C√©line Fernandez Conseils - Formations Enn√©agramme en entreprise et entre particuliers - Optimiser son potentiel,961
ADIAJ Formation,962
Centre Interdisciplinaire de Formation √† la Fonction Personnel (CIFFOP) - Universit√© Paris-Panth√©on-Assas,963
SUP des RH,964
Ecole IGS-RH Paris,965
ESGRH,966
EOS Solutions RH - Organisme de formation,967
Coach certifi√©e - Reconversion / Entrepreneuriat / Mindset - Rand'Ose - Alexandra Ridoux,968
PROXIMACTION RH - cabinet de coaching et de formations pnl,969
Coaching professionnel 1h30.com,970
"Coaching Hypersensibilit√© Professionnel & Personnel - Cadres Dirigeants, Particuliers - Amescience",971
Les Entretiens,972
AJC Formation,973
Inopia,974
Acad√©mie de l'Emploi - Formation et Coaching,975
Comp√©tences et m√©tiers,976
Potentiel & talents,977
D√©velopper les talents,978
Talent Program | Cabinet de Recrutement Paris,979
Perspectives Talents,980
Rachel Grellier,981
Formation informatique et bureautique (Excel Word ...) 77 - ICDL (Pcie) √©ligible CPF,982
CSA International Expertise Comptable,983
PLANETE CSCA - Syndicat des courtiers d'assurances en France,984
CSA,985
CSA95,986
La Casa del Tango,987
Institut de la La√Øcit√©,988
√âquation publique,989
APEPSUP¬∑Lien consult√©,990
Formation Quality Process,991
Scribtel Formation,992
EIMAJIN - √©cole internationale des m√©tiers de l'animation et du jeu interactif num√©rique,993
G2R Formation,994
Institut G4 PARIS,995
Culture et Formation,996
