ID_FORMATEUR,NOM_FORMATEUR,IMAGE,AVIS_MOYEN,NB_TOTAL_AVIS,NB_TOTAL_ETUDIANT,SITE_WEB,DESCRIPTION
1,Cegos,,,,,,
2,Cegos Paris,,,,,,
3,ifocop - Centre de Paris 13,,,,,,
4,Des Enjeux Et Des Hommes SARL,,,,,,
5,AFNOR Comp√©tences,,,,,,
6,Stephenson Formation,,,,,,
7,MGCM,,,,,,
8,ESG Executive,,,,,,
9,Aprentiv' | Conseil et Formation Professionnelle,,,,,,
10,CIEFA Paris - Centre de Formation en Alternance,,,,,,
11,Aure√Øs Formation,,,,,,
12,IFCV - Formations & Alternance - Campus Anatole France,,,,,,
13,Afpa - Centre de Paris Politzer,,,,,,
14,ifocop - Centre de Rungis,,,,,,
15,ACP FORMATION,,,,,,
16,Formation Haccp,,,,,,
17,Mantra (ex GrowthMakers),,,,,,
18,√âcole en ligne de DCG - Les Geeks des Chiffres,,,,,,
19,Scotwork,,,,,,
20,Centre de Formation Professionnelle Softec - Paris,,,,,,
21,ADIEL BY SUP SANTE,,,,,,
22,Groupe GEFOR,,,,,,
23,BusinessDigital.fr Formation Intelligence Artificielle,,,,,,
24,Formaposte Ile-de-France,,,,,,
25,ISM - Institut Sup√©rieur du Marketing,,,,,,
26,EFE Formation,,,,,,
27,C.F.P.A Centre Formation et Perfectionnement √† l'Achat,,,,,,
28,achatpublic.com,,,,,,
29,ORSYS Formation,,,,,,
30,Nicomak,,,,,,
31,Aconsk - Conseil & Formation ERP,,,,,,
32,ITIC Paris,,,,,,
33,Kedge Business School - Campus Paris,,,,,,
34,Accedia | Formation N√©gociation et Coaching N√©gociation,,,,,,
35,Centre Europ√©en de la N√©gociation,,,,,,
36,Effigest Formation,,,,,,
37,Eedge,,,,,,
38,Convergences Synergiques,,,,,,
39,Eco Efficacit√© Formation - Formation RGE Paris & IDF,,,,,,
40,CFC Formations,,,,,,
41,"ETRE Paris, l'√©cole de la transition √©cologique",,,,,,
42,NEMETRA,,,,,,
43,LA RESERVE DES ARTS - Formation,,,,,,
44,Institut de la Durabilit√©,,,,,,
45,ACT&DO,,,,,,
46,Dans l'√®re du temps,,,,,,
47,F√©d√©ration R√©gionale des Travaux Publics √éle-de-France,,,,,,
48,Afifor,,,,,,
49,EcoLearn,,,,,,
50,Institut Fran√ßais du D√©veloppement Durable,,,,,,
51,REA Formation,,,,,,
52,Growth Acceleration,,,,,,
53,Cforpro,,,,,,
54,CFORPRO,,,,,,
55,Place de la Formation - Logiciel collaboratif de gestion de la formation,,,,,,
56,F√©d√©ration pour l'Entrepreneuriat Durable,,,,,,
57,CNFCE,,,,,,
58,Scotwork¬∑Lien consult√©,,,,,,
59,Le CNAM Ile-de-France,,,,,,
60,Francis Lefebvre Formation,,,,,,
61,GERESO Formation - Paris,,,,,,
62,No√© Formation Product Manager,,,,,,
63,APEPSUP,,,,,,
64,Formation commerciale et manag√©riale √† Paris - Booster Academy,,,,,,
65,"Formation Bureautique Paris | Officium | Formation word, excel, powerpoint, pack office",,,,,,
66,L'Acad√©mie de l'Office Manager,,,,,,
67,TalenCo,,,,,,
68,CERTyou,,,,,,
69,INSEEC BTS Paris,,,,,,
70,Learn Assembly,,,,,,
71,ESAS Formation Paris,,,,,,
72,"Avlis Formation Secr√©taire M√©dical¬∑e ¬∑ Rentr√©e tous les mois de l‚Äôann√©e, nous contacter‚Ä¶",,,,,,
73,ESAS Formation Pantin,,,,,,
74,Formation Secr√©taire Ind√©pendante,,,,,,
75,ifocop - Centre de Paris 11,,,,,,
76,Epsilon M√©lia - Formation continue social et m√©dico-social,,,,,,
77,AFPPCD,,,,,,
78,Vidal Formation Paris,,,,,,
79,Ma formation m√©dicale,,,,,,
80,"P√¥le de Formation Environnement, Ville et Architecture - ADIG",,,,,,
81,Drouot Formation,,,,,,
82,INCM Le Bourget,,,,,,
83,Afometra,,,,,,
84,Ifsa&Nature,,,,,,
85,Formationpaierh - formation en ligne √† la paie et aux ressources humaines,,,,,,
86,RESSOURCES FORMATION,,,,,,
87,CNFSE - Formation Habilitation √©lectrique sur Paris & Ile de France,,,,,,
88,APC RH ET FORMATION PARIS,,,,,,
89,"ESAGE, l'√âcole des Assistants & des Ressources Humaines en alternance √† Paris",,,,,,
90,Pay Job Formation - Paie & RH,,,,,,
91,Next Forma,,,,,,
92,MAMforma,,,,,,
93,IFJ Paris - Institut de formation juridique,,,,,,
94,Enadep,,,,,,
95,Institut de Formation en Droit Social de Paris,,,,,,
96,Centre Fran√ßais du digital marketing,,,,,,
97,Connect Learning - Formation marketing digital,,,,,,
98,Na√Øas Formation,,,,,,
99,WOYO - agence de communication & formation,,,,,,
100,Formation Com Web Paris - Formation Community Manager - Formation R√©dacteur Web - Formation Communication Digitale,,,,,,
101,AVD Formation,,,,,,
102,Advisea,,,,,,
103,Formateur WordPress pour les artistes,,,,,,
104,"Adumas Conseil - Accompagnement VAE, Formation, Bilan de comp√©tences",,,,,,
105,VIDEO DESIGN FORMATION,,,,,,
106,Cameraprogress FORMATION DAVINCI RESOLVE et PHOTOSHOP en individuel ou intra-entreprise,,,,,,
107,"All Positive, formation et coaching, sp√©cialiste du ""Marketing de soi""",,,,,,
108,Assisteal Formation,,,,,,
109,GRETA GPI2D : Greta Paris Industrie D√©veloppement Durable,,,,,,
110,CDF Formations,,,,,,
111,QualiSant√©,,,,,,
112,ATK Conseils - Centre de formation pour adultes,,,,,,
113,Opus Formation,,,,,,
114,CFA INSTA,,,,,,
115,Institut Rep√®re,,,,,,
116,Intuitive Process - Formation Hypnose paris - Sexoth√©rapeute - PNL -EMDR/ REC-SO,,,,,,
117,Comundi,,,,,,
118,POTENCIA Formation & Coaching | Efficacit√© professionnelle,,,,,,
119,devOp,,,,,,
120,Dailliez-formation,,,,,,
121,Process Influence,,,,,,
122,ISFORM,,,,,,
123,ISM - Institut Sup√©rieur du Marketing¬∑Lien consult√©,,,,,,
124,e-CoachDigital - Formateur digital IA,,,,,,
125,MaCertif,,,,,,
126,Serial Restaurateur - Formation Hygi√®ne Alimentaire,,,,,,
127,Stelo formation,,,,,,
128,Centre Cegos jourdain,,,,,,
129,Formation obligatoire CSE,,,,,,
130,Institut de Recherche Intelligence et Syst√®mes Formation Conseil SAS,,,,,,
131,NobleProg France,,,,,,
132,ib Cegos Formation informatique Paris,,,,,,
133,Activ'partners,,,,,,
134,Centre de formation au Cod√©veloppement Professionnel,,,,,,
135,Onyx Formation Conseil,,,,,,
136,"Action Life coaching confiance en soi, d√©veloppement personnel et √©volution de carri√®re",,,,,,
137,"Coach Reconversion, Transition Professionnelle, confiance en soi",,,,,,
138,Comment d√©velopper la confiance en soi?,,,,,,
139,Samuel.coach - Prendre Confiance En Soi,,,,,,
140,Eva Wagner - Coach de Vie - PARIS,,,,,,
141,Parcours du loup blanc,,,,,,
142,Dorine NKODIA - stages developpement personnel - confiance en soi - gestion des conflits,,,,,,
143,Avenir Navigant Formation,,,,,,
144,CLASS'HOTESSE,,,,,,
145,CNFCE - Rouelle,,,,,,
146,E2M Formation,,,,,,
147,Ecole Fran√ßaise H√¥tesse et Tourisme Paris,,,,,,
148,EFHT - Ecole Sup√©rieure de Tourisme,,,,,,
149,Digital Training Factory,,,,,,
150,L' Atelier Digital,,,,,,
151,Digital Formations,,,,,,
152,DIGICLASS,,,,,,
153,"Clic Comp√©tences - Formations Excel, Bureautique, Photoshop, Graphisme, Wordpress, Informatique, Python, Sketchup, AutoCAD.",,,,,,
154,First Finance,,,,,,
155,"CNAM - EFAB Economie, Finance, Assurance et Banque",,,,,,
156,Afges,,,,,,
157,France Gestion - OMGA,,,,,,
158,FINANCE TRAINING,,,,,,
159,Finance Training,,,,,,
160,Investir Immobilier Imp√¥t - Conseil en investissement,,,,,,
161,Investir dans l'ancien,,,,,,
162,CEFIOB Formation Banque Finance Assurance Immobilier,,,,,,
163,Magma Formation Loi Alur pour les agents immobiliers,,,,,,
164,CARR√â INVESTISSEUR - Investissement locatif,,,,,,
165,Invest Acad√©mie,,,,,,
166,G.E.I.F (Groupement Europ√©en Investisseurs Fonciers),,,,,,
167,INVESTISSEMENT CAPITAL & FORMATION,,,,,,
168,Lefebvre Dalloz Comp√©tences (Formation),,,,,,
169,KeepSchool - Formation Professionnelle,,,,,,
170,Jedha Bootcamp - Formation Data Analyst et Data Scientist,,,,,,
171,SKY CO Formation Retail,,,,,,
172,Texageres,,,,,,
173,Proactive Academy,,,,,,
174,EM Normandie Business School - Campus de Paris,,,,,,
175,INSECC - Ecole de Comptabilit√© et Gestion,,,,,,
176,Finance for Tomorrow,,,,,,
177,FL Finance & D√©veloppement,,,,,,
178,Sciences Po Finance,,,,,,
179,DOLFI Formation,,,,,,
180,Formation Excel Paris | Formation Bureautique | Kronoscope,,,,,,
181,Belformation,,,,,,
182,Ellipse Centre de Formation - Location de Salles - Coworking,,,,,,
183,IFBI FORMATION,,,,,,
184,Solpedinn | Formation Excel & bureautique,,,,,,
185,Formation Excel - Excellers Academy,,,,,,
186,C√©dric Le Meur - Formateur en bureautique (Excel...),,,,,,
187,VBA POUR TOUS FORMATION | CPF VBA EXCEL PARIS,,,,,,
188,ExcelForma,,,,,,
189,Proformation,,,,,,
190,LEARNPERFECT,,,,,,
191,"MYPE, formations Power BI",,,,,,
192,PLB Consultant,,,,,,
193,Ambient IT - Formations informatiques,,,,,,
194,VIVADATA - AI Programming School,,,,,,
195,Pr√©pa PL-300 Microsoft Exam,,,,,,
196,Access R√©ussites,,,,,,
197,Access42,,,,,,
198,Access Training,,,,,,
199,Access Code School - Onlineformapro,,,,,,
200,ACCESSIT FORMATION la d√©fense,,,,,,
201,Pyramyd,,,,,,
202,CAPITAL FORMATIONS,,,,,,
203,AFORMATION,,,,,,
204,FORMATION REVIT PARIS,,,,,,
205,WebexpR,,,,,,
206,Oxiane Institut,,,,,,
207,Formation Microsoft 365,,,,,,
208,Alphorm,,,,,,
209,Ren√© Franceschi,,,,,,
210,Ecole MJM Graphic Design,,,,,,
211,"Nicolas de Beaulieu, enseignant en digital et design / cadreur monteur vid√©o",,,,,,
212,L'√âcole Multim√©dia,,,,,,
213,Marcorel,,,,,,
214,Webmyday - Formations digitales pour freelances,,,,,,
215,E.C.G Ecole en Communication Graphique,,,,,,
216,Draconic - Graphisme Formation,,,,,,
217,CFPJ - Centre de Formation et de Perfectionnement des Journalistes,,,,,,
218,FORMATION PHOTOSHOP PARIS,,,,,,
219,"Formation PAO, Photoshop, R√©seaux Sociaux | Paris| Onlyweb Formation",,,,,,
220,Ziggourat Formation,,,,,,
221,THE PHOTO ACADEMY Paris,,,,,,
222,EVA Formations,,,,,,
223,formation Illustrator Paris,,,,,,
224,Formation Sketchup Adebeo,,,,,,
225,GRAPH LAND,,,,,,
226,Formation mod√©lisation 2D / 3D - Autocad & SketchUp,,,,,,
227,Formation AutoCAD Ile-de-France,,,,,,
228,M√©tamorphe concept,,,,,,
229,JMC Formation,,,,,,
230,Jean-Fran√ßois BRIGAUD Formation REVIT Architecture & AutoCAD,,,,,,
231,Formation Revit,,,,,,
232,Formation Revit Ile-de-France,,,,,,
233,One Learn,,,,,,
234,DAWAN Paris,,,,,,
235,Les Cr√©ateurs 3D,,,,,,
236,PREREQUIS FORMATION (MicroStrategy - Oracle EBS - Conduite du Changement),,,,,,
237,Espace formation conduite,,,,,,
238,CIR+ QUALIPERMIS REPUBLIQUE,,,,,,
239,Auto-√©cole AS Formation Paris 11 - Oberkampf,,,,,,
240,AB CONDUITE,,,,,,
241,ECOLE DE CONDUITE PLACE DES FETES (bySTALINDRIVE) CPF,,,,,,
242,Cap Sirius,,,,,,
243,MediaTraining.info - Formation en media training,,,,,,
244,Expat Communication,,,,,,
245,Certifications en gestion de crise,,,,,,
246,Nitidis - agence de communication de crise,,,,,,
247,CRISOTECH,,,,,,
248,FK FORCE,,,,,,
249,LaFrenchCom - Agence de communication de crise,,,,,,
250,VD Communication / Ile de France News,,,,,,
251,Organisme de formation √† Paris - CounCelling,,,,,,
252,MY COMMUNICATION - Formation SEO Pr√©sentiel et distanciel OPCO & p√¥le emploi,,,,,,
253,CAMELUNA | AGENCE DE COMMUNICATION VISUELLE ET DIGITALE | CENTRE DE FORMATION,,,,,,
254,L'Acad√©mie de la Haute Performance,,,,,,
255,Our√©a Coaching - Bilan de comp√©tences / Coaching Professionnel / Formation,,,,,,
256,L'Ecole Sup√©rieure de Coaching,,,,,,
257,"EAR, Ecole un Autre Regard, √âcole de coaching Paris",,,,,,
258,Coachingsup Orientation,,,,,,
259,"Les Coachs Associ√©s, formation voix, formation com√©dien, formation acteur, voix off, voix, stage voix, formation publicit√© et documentaire, stage AFDAS",,,,,,
260,Empowerment Center,,,,,,
261,IME Conseil,,,,,,
262,Arche Hypnose,,,,,,
263,AMA Campus,,,,,,
264,Time Circle,,,,,,
265,Institut des Neurosciences Paris-Saclay - NeuroPSI CNRS,,,,,,
266,ICF,,,,,,
267,supervision socioanalyse coach,,,,,,
268,SO CONSEIL & FORMATION - Experte du d√©veloppement des organismes de formation,,,,,,
269,Hi!Coaching - Organisme de formation,,,,,,
270,IDSUP,,,,,,
271,Team Intelligence - L'√©cole du coaching d'√©quipe,,,,,,
272,SERENITY INSTITUT üë©üèº‚Äçüéì Formation de Coach Professionnel certifi√©e RNCP √† Paris et en ligne,,,,,,
273,MF COACH,,,,,,
274,Haute √©cole de coaching,,,,,,
275,Centre International du Coach Paris,,,,,,
276,EntreVoies Coaching,,,,,,
277,Ecole Boost Coaching,,,,,,
278,"Alorem Paris - Gestion des Talents : Assessment center, Formation de Talent Manager, Cabinet Conseil",,,,,,
279,Fonds Interprofessionnel de Formation des Professionnels Lib√©raux FIF PL,,,,,,
280,Euridis Sales Academy,,,,,,
281,Rocket School,,,,,,
282,Akimbo,,,,,,
283,Euridis Business School - √âcole de commerce Paris,,,,,,
284,Euridis Business School - √âcole de commerce Paris 19√®me,,,,,,
285,Fastcube Academy,,,,,,
286,iconoClass,,,,,,
287,"Formation LinkedIn | Prospection, Social Selling & Contenu",,,,,,
288,DIGITALSELLER | Formation Social Selling Paris,,,,,,
289,Media Institute,,,,,,
290,The Smartworking Company - Formation R√©seaux Sociaux,,,,,,
291,Social Selling Club,,,,,,
292,"Qwantiq Formation Techniques de vente, Management et Relation Client",,,,,,
293,Formation Vente,,,,,,
294,Formation commerciale Paris - Uptoo formation,,,,,,
295,GRETA CDMA,,,,,,
296,GRETA METEHOR PARIS,,,,,,
297,FORMATION COMMERCIALE - Coach de Vente Conseil,,,,,,
298,"Clic Campus - Formations d'anglais CPF, espagnol, allemand, italien, portugais, japonais, arabe, langues √©trang√®res, mandarin",,,,,,
299,LAM FORMATION,,,,,,
300,LiveMentor,,,,,,
301,Rocket Academy,,,,,,
302,Fitec,,,,,,
303,ACTIV THINK,,,,,,
304,L'Essentiel Est Dans la Formation,,,,,,
305,V√©ronique BESSONNAT La FORMATION COMMERCIALE,,,,,,
306,IFCEP,,,,,,
307,LFE-formation,,,,,,
308,JE COMPTE,,,,,,
309,Cr√©Actifs - Formation pour Entrepreneurs,,,,,,
310,IGS Formation Continue Paris,,,,,,
311,Nextformation - Op√©ra,,,,,,
312,OPEN Formation,,,,,,
313,AMB Formations,,,,,,
314,Avenireo,,,,,,
315,Anim & Com Consultant,,,,,,
316,Acad√©mie du Coaching,,,,,,
317,ABLECOACH - Centre de bilans de comp√©tences et coaching professionnel,,,,,,
318,Coach Acad√©mie | √âcole de Coaching √† Paris,,,,,,
319,Digital Manners,,,,,,
320,DigitalAcademy,,,,,,
321,La Fabrique √† Clients,,,,,,
322,L'√©cole du digital,,,,,,
323,Digital Campus Paris,,,,,,
324,The Digital Genius,,,,,,
325,Communication Qualit√©,,,,,,
326,Cfa Des M√©tiers De La Communication Visuelle Et Du Multim√©dia,,,,,,
327,EFAP Paris Raspail - √âcole de Communication,,,,,,
328,IMCI ‚Äì Formation community manager,,,,,,
329,Marketingformation.fr,,,,,,
330,CCM Benchmark Institut - Formations,,,,,,
331,ALLOKOM - Formation r√©seaux sociaux,,,,,,
332,Tamento Formations Paris,,,,,,
333,Pellerin Formation,,,,,,
334,Graphisme et Communication,,,,,,
335,Thea Web Design,,,,,,
336,Autograf - Ecole de Design Paris,,,,,,
337,Com'Art Design Paris,,,,,,
338,√©vol√©o formation,,,,,,
339,E-FormaPlus,,,,,,
340,"ESG Luxe, √©cole de marketing et de management du luxe √† Paris",,,,,,
341,Ffollozz √©cole de marketing d'influence √† Paris,,,,,,
342,"ICMD, Institut de Communication & Marketing Digital √† Paris",,,,,,
343,Olivier Coach Digital - Conseil et formation en communication digitale,,,,,,
344,VOLONTARIAT MEP,,,,,,
345,Formations gestes et postures | NEO FORMA,,,,,,
346,Forentem,,,,,,
347,Association Des pr√™tres pour toutes les nations,,,,,,
348,Ifomene (Institut de Formation √† la M√©diation et √† la N√©gociation),,,,,,
349,Fnepsa,,,,,,
350,F.n.d.e.,,,,,,
351,"FEDESAP, F√©d√©ration des Services √† la Personne et de Proximit√©",,,,,,
352,Formation r√©f√©rencement naturel (formation SEO),,,,,,
353,Create for Good,,,,,,
354,L'Institut de l'Ev√®nement,,,,,,
355,L√âVENEMENT Association,,,,,,
356,UNIMEV - Union Fran√ßaise des M√©tiers de l'√âv√©nement,,,,,,
357,EVENEMENT,,,,,,
358,P√©pite Paris,,,,,,
359,Les Maisons Boson,,,,,,
360,Les Ateliers Durables - Ateliers Bien-√™tre au travail,,,,,,
361,PEXE,,,,,,
362,"Formedia : Formations pour les entreprises, particuliers",,,,,,
363,EFE Formation¬∑Lien consult√©,,,,,,
364,"La Bo√Æte aux Images : media training, formations prise de parole, profils AEC DISC",,,,,,
365,Mediat Coaching,,,,,,
366,Club au service du d√©veloppement des r√©seaux et des relations internationales,,,,,,
367,"E.L.A Formation (√©ligible CPF, FNE, DIF) √† Paris La D√©fense",,,,,,
368,Coaching et Storytelling,,,,,,
369,ISART Digital,,,,,,
370,RETAIL FORMATION,,,,,,
371,SEOlympe - Organisme de formation en SEO,,,,,,
372,SEO High Level,,,,,,
373,Mes Ateliers SEO,,,,,,
374,Laurence NEIGE ‚Ä¢ Formation WordPress - Cr√©ation de sites internet,,,,,,
375,SEO Academia,,,,,,
376,Human Web - Formation WordPress & SEO - QUALIOPI,,,,,,
377,ART ORATOIRE ET PRISE DE PAROLE EN PUBLIC /Coaching et formation √†,,,,,,
378,Formation de prise de parole en public,,,,,,
379,Prise de parole en public pour √™tre m√©morable,,,,,,
380,Formations prise de parole en public Paris-Les orals,,,,,,
381,"inventiO formations & coaching : Prise de parole en public, art oratoire, √©loquence et strat√©gies",,,,,,
382,Diplomance,,,,,,
383,Centre de pr√©paration au dipl√¥me d'√âtat d'audioproth√©siste (CPDA),,,,,,
384,Letmotiv - Prise de parole en public,,,,,,
385,"Jean-Corentin Poisson - Formation / Coaching en Prise de Parole, Pitch et Art Oratoire",,,,,,
386,ProfilCulture-Formation,,,,,,
387,R√©manence des mots - Atelier d'√©criture cr√©ative,,,,,,
388,AXIZ eBusiness - Formation & Coaching en Prospection Commerciale Digitale,,,,,,
389,Formation LinkedIn CPF - OPCO Emmanuelle petiau,,,,,,
390,Formation SAP Eligibles CPF ERP Consulting & Formation,,,,,,
391,Potentials - Formations et bilans de comp√©tences,,,,,,
392,"Coach de vos Talents : Coaching Prise de parole en public, Media Training & Communication",,,,,,
393,UNFOLD ME - Prise de parole en public,,,,,,
394,"Cours - Stages - Formation Bureautique, PAO, Comptabilit√© - Paris",,,,,,
395,CNAM - INTEC Institut National des Techniques √âconomique et Comptable,,,,,,
396,ENOES - l'Ecole de l'Expertise Comptable et de l'Audit,,,,,,
397,D√©ficompta - Formations √† distance,,,,,,
398,IMP PARIS - formation professionnelle - m√©tiers du social - charg√© d'affaires - comptabilit√© - commerce,,,,,,
399,ProCompta,,,,,,
400,Union Professionnelle des Professeurs Cadres et Techniciens du Secr√©tariat et de la Comptabilit√©,,,,,,
401,Institut CGS,,,,,,
402,IGS Insertion Inclusion,,,,,,
403,formation-gestion- de-paie,,,,,,
404,FinHarmony,,,,,,
405,ISSIN Conseils Formation,,,,,,
406,CNAM Conservatoire national des arts et m√©tiers,,,,,,
407,L'Arbre √† Id√©es - Coaching Professionnel pour Entrepreneurs,,,,,,
408,CNEH,,,,,,
409,D√©clarer ma location meubl√©e,,,,,,
410,Centre de Formation de la Profession Comptable,,,,,,
411,Centre Inffo,,,,,,
412,waltio,,,,,,
413,L-Expert-Comptable.com,,,,,,
414,Optima Business | D√©veloppement Financier Premium,,,,,,
415,Expert-comptable √† Paris - Numbr,,,,,,
416,Classeos,,,,,,
417,I.F.I.C.A Institut Formation Industriel Conseil et Audit,,,,,,
418,Wersus,,,,,,
419,Comp√©tences et D√©veloppement ‚Äì R√©seau d‚Äô√©coles et de centres de formation,,,,,,
420,Formation gestes et postures - M√©thode Bottero,,,,,,
421,Macreationdentreprise,,,,,,
422,Cnam entrepreneur(s),,,,,,
423,Centre de Formation Cr√©ation de soci√©t√©,,,,,,
424,Walter Learning - formation en ligne,,,,,,
425,Entrepreneurs Acad√©mie,,,,,,
426,La Maison de L'entrepreneur,,,,,,
427,C.R.A FORMATION,,,,,,
428,All Consulting Accompagnement - Trouves ton id√©e et cr√©e ton entreprise en - de 30 jours,,,,,,
429,ID√©e Conseil et Formation,,,,,,
430,Formation Consulting,,,,,,
431,CCC Conseil en Formation,,,,,,
432,Haute √©cole de formation & consulting,,,,,,
433,Mcd Conseil Formation,,,,,,
434,BIKE‚ÄôN LEARN Formation sur v√©lo-bureau,,,,,,
435,Institut Artline | L'√©cole en ligne de la cr√©ation num√©rique,,,,,,
436,Format Cycles,,,,,,
437,Centre de formation | Conseil et formation | Marketing digital | WM Digital | Wassila Moussaoui,,,,,,
438,"Facult√©.s, l'organisme de (trans)formation de l'ebg",,,,,,
439,COMCI - Comp√©tences Commerce International,,,,,,
440,Ecole de commerce Paris - ICD Business School,,,,,,
441,HETIC,,,,,,
442,PST&B Paris,,,,,,
443,"ESAM PARIS - √âcole de Management, de Finance et de Droit",,,,,,
444,Formatex - Organisme de Formation,,,,,,
445,PilotCity - formation vtc,,,,,,
446,Opaline Aero Formation,,,,,,
447,Web School Factory,,,,,,
448,"Xavier Coach Anti-Procrastination - Formations : gestion du temps, productivit√©, concentration et motivation",,,,,,
449,formation leadership,,,,,,
450,Ana√Øs Feltro - Coach Mindset & Mentore Empowerment f√©minin,,,,,,
451,Chine Lanzmann - Coaching professionnel - Woman Impact,,,,,,
452,FORMALIS - Formations - Plateforme E-learning,,,,,,
453,"Sandra Martin, Singularis Femina, coaching pour les femmes, bilan de comp√©tences",,,,,,
454,Zepresenters,,,,,,
455,Garance&Moi,,,,,,
456,ARIF Social,,,,,,
457,Audigny Consulting / Audigny Formation,,,,,,
458,FEEF. F√©d√©ration des Entreprises et Entrepreneurs de France,,,,,,
459,Adova Group,,,,,,
460,"Dig-IT - Formations, Services et RH IT",,,,,,
461,IPI Paris - Ecole d'informatique,,,,,,
462,Form'IT - Formations informatiques sur-mesure,,,,,,
463,Ecole des m√©tiers de l'informatique - SUPINFO Paris,,,,,,
464,Yichnal Formation et Services Informatiques,,,,,,
465,IMIE Paris - √âcole Sup√©rieure d'Informatique,,,,,,
466,Sciences Po Executive Education,,,,,,
467,ARECOOP,,,,,,
468,Institut national des techniques de la documentation,,,,,,
469,agile methods,,,,,,
470,Agilemind France,,,,,,
471,Play Agile,,,,,,
472,AGILE THINKING,,,,,,
473,Agilit√© RH,,,,,,
474,Eco-Eco - Agence conseil & strat√©gie RSE,,,,,,
475,RSE & interculturalit√©,,,,,,
476,Destination RSE | Conseil et formation,,,,,,
477,Strategium Entreprendre - Centre de formation,,,,,,
478,Pr√™t √† Former,,,,,,
479,DFCG Formation,,,,,,
480,Top Finance,,,,,,
481,AC FORMA - Formations pour dirigeants et entrepreneurs,,,,,,
482,RH FORMATION,,,,,,
483,RH for Business,,,,,,
484,R√©f√©rence RH,,,,,,
485,R√©f√©rence DRH - Direction des Ressources Humaines Augment√©e,,,,,,
486,RH France,,,,,,
487,DRH Conseil,,,,,,
488,RH Performances Paris - Cabinet de recrutement et de formation - Paris,,,,,,
489,Business & DRH,,,,,,
490,Elite IRP,,,,,,
491,IREFE,,,,,,
492,France Leader Formation,,,,,,
493,Cercle International Des Femmes Leaders,,,,,,
494,SAS Les Clefs De La Performance,,,,,,
495,LEAD Formation,,,,,,
496,FORMATION MANAGEMENT PARIS,,,,,,
497,Management Academy,,,,,,
498,Management public : am√©liorer la qualit√© du service rendu,,,,,,
499,Formation For Manager,,,,,,
500,Manager Formation,,,,,,
501,Managers en Mission | Management de transition - Paris,,,,,,
502,Managing Worldwide Teams,,,,,,
503,Leadem - Maria Escuer,,,,,,
504,Maxwell Leadership Francophonie,,,,,,
505,Institut de formation √† la sophrologie,,,,,,
506,FFMBE - F√©d√©ration Fran√ßaise de Massages-Bien-√ätre,,,,,,
507,Centre Sivananda de Yoga Vedanta Paris,,,,,,
508,Retraite Plus,,,,,,
509,Switch Collective,,,,,,
510,Cours Servais - Ecole de formation √† distance,,,,,,
511,Association Valentin Ha√ºy AVH,,,,,,
512,Actions-Finance,,,,,,
513,Acfitec,,,,,,
514,Ife Bat,,,,,,
515,AGIR FORMATION,,,,,,
516,Agir pour le Climat - Pacte Finance Climat,,,,,,
517,GreenUpClimat,,,,,,
518,AGIR-Formations-IA-ChatGPT,,,,,,
519,ClimateSeed,,,,,,
520,IFC - Institut de Formation Carbone,,,,,,
521,Everyone Eco,,,,,,
522,Ethique Formations,,,,,,
523,Ch√©rissez vos √©motions - Formations et ateliers en entreprise,,,,,,
524,Atelier Elemento - √©cole de bijouterie,,,,,,
525,Les Ateliers de la Formation Commerciale et du Management,,,,,,
526,FI - Formation/conseil en num√©rique responsable,,,,,,
527,PEAJ,,,,,,
528,Association Philotechnique,,,,,,
529,I.R.E.M.A Formation professionnelle en addictologie,,,,,,
530,Association FAIRE,,,,,,
531,Association Bernard Gr√©gory,,,,,,
532,Super Professeur,,,,,,
533,Epigraphe Avocats,,,,,,
534,Prosecurite Formation,,,,,,
535,CFA numiA,,,,,,
536,DTHINKING,,,,,,
537,Minist√®re de la Fonction publique,,,,,,
538,Centre de Formation Juridique,,,,,,
539,Idp,,,,,,
540,Master de droit social - Universit√© Paris-Est-Cr√©teil,,,,,,
541,ECHO CSE,,,,,,
542,L'√©cole des CSE,,,,,,
543,Lise MATTIO | Formations obligatoires du CSE,,,,,,
544,Les Acteurs de la Comp√©tence,,,,,,
545,Coh√©rences - Organisme de Formation Continue Paris,,,,,,
546,2C MANAGEMENT - Formation Achats & RSE,,,,,,
547,√âcole Acteurs Artisans,,,,,,
548,"Freddy Vallerant Formation CSE, CSSCT, RPS",,,,,,
549,ADN CSE,,,,,,
550,PROMET√âA,,,,,,
551,Nanshe Expertise,,,,,,
552,Pr√©v'it Formation,,,,,,
553,Sicoge,,,,,,
554,CNFSE - Centre National de Formation en S√©curit√© et Environnement,,,,,,
555,S√©curit√© Routi√®re Formation,,,,,,
556,Formations Sant√© et S√©curit√© au Travail - Pulsart,,,,,,
557,S√©curit√© Accessibilit√© Formations Expertise,,,,,,
558,FCS FORMATION,,,,,,
559,SANT√â S√âCURIT√â CONSEIL et PR√âVENTION - 2SCPrev,,,,,,
560,SAVPRO Formation,,,,,,
561,Centre du Burnout,,,,,,
562,"Coach th√©rapeute en th√©rapie br√®ve, Souffrance au travail, Burn-out, √©puisement Estelle Boutan ALLEGRIO",,,,,,
563,Handi Formation,,,,,,
564,FAGERH,,,,,,
565,A.P.F Formation,,,,,,
566,Mission Handicap Assurance,,,,,,
567,Association OETH (Objectif d'emploi des travailleurs handicap√©s),,,,,,
568,agecif,,,,,,
569,Semaine europ√©enne pour l'emploi des personnes handicap√©es,,,,,,
570,Transitions Pro √éle-de-France,,,,,,
571,Kimso,,,,,,
572,Sciences Impact. Organisme de formation √† la communication scientifique et technique,,,,,,
573,Agence LUCIE,,,,,,
574,Institut Fran√ßois Bocquet,,,,,,
575,OOMyCoach Formation en Imaginologie¬Æ. M√©thode JIA¬Æ,,,,,,
576,Sophrenzen ‚Äì Institut de Formation Hypnose - PNL - Th√©rapies Br√®ves ‚Äì Paris,,,,,,
577,Cano-P Formations,,,,,,
578,Energie-Emotions,,,,,,
579,energ8sens,,,,,,
580,Centre de l'Intelligence √âmotionnelle,,,,,,
581,"OSENS LIFE - Formation/Consultation en th√©rapies quantiques/holistiques √† distance/en pr√©sentiel - Produits/Soins bien-√™tre/sant√© naturelle, th√©rapeutiques/√©nerg√©tiques, quantiques, bior√©sonance, magn√©toth√©rapie",,,,,,
582,√âcole d'Analyse Transactionnelle,,,,,,
583,√âCOLE FORMATION ANALYSE TRANSACTIONNELLE,,,,,,
584,PSYCHOTHERAPIE EN ANALYSE TRANSACTIONNELLE,,,,,,
585,Cap Retraite,,,,,,
586,Alineo Formation,,,,,,
587,CFDT √©ducation Formation Recherche Publiques,,,,,,
588,Bilan de Comp√©tences √† Paris - PROFIL C,,,,,,
589,Bilan de comp√©tences - Formation Coaching - Marque employeur - Chasse de t√™tes CROSSROADS,,,,,,
590,INETOP,,,,,,
591,INTERAVENIR,,,,,,
592,"I2FTB - Institut Fran√ßais de Formation en Th√©rapies Br√®ves - Formation Hypnose, PNL, Coaching, Th√©rapies Br√®ves",,,,,,
593,Im'P@CT-TEL - Attente T√©l√©phonique Professionnelle,,,,,,
594,IFOD Coaching,,,,,,
595,Growth labs consulting,,,,,,
596,Growth Hacking - Formation,,,,,,
597,Kevin Lage - Formation Growth Marketing (LinkedIn),,,,,,
598,Draw My Futures,,,,,,
599,Camille Wallecan Coaching prise de parole en public,,,,,,
600,ParoSph√®re Formation,,,,,,
601,Prosodia - Organisme de Formation - Centre d'examens,,,,,,
602,AFCOPIL Formation IDEL,,,,,,
603,ADPE CENTRE DE FORMATION PROFESSIONNELLE,,,,,,
604,PPA Business School - √©cole de commerce et de management,,,,,,
605,EXCELLART - Expert de la reconversion professionnelle (Bilan de comp√©tences & connaissance de soi),,,,,,
606,Edusign,,,,,,
607,OCT-OPUS Formations,,,,,,
608,BOOST UP,,,,,,
609,Doxa Formation,,,,,,
610,BOOST MY BIZ,,,,,,
611,Apprentissage Corps M√©moire,,,,,,
612,Centre de Formation Professionnelle Continue en Ost√©opathie et Th√©rapies Manuelles,,,,,,
613,Formation commerciale et manag√©riale √† Charenton le Pont - Booster Academy,,,,,,
614,Ateliers d'√©criture avec des √©crivains | Ateliers Bohaime,,,,,,
615,Drop Academy Pantin - Formations TAXI / VTC / VMDTR / Stage r√©cup√©ration de points,,,,,,
616,Meteor,,,,,,
617,L'invisible essentiel,,,,,,
618,EnglishBooster,,,,,,
619,Speakup English Coaching : Cours d'anglais Paris - Formations √† distance.,,,,,,
620,EXCILIO,,,,,,
621,Ines Expertise : √âcole d'expertise comptable √† Paris,,,,,,
622,IE University - France Office,,,,,,
623,GES Executive Education,,,,,,
624,IFG Executive Education,,,,,,
625,Executive Education Dauphine-PSL,,,,,,
626,Institut Fran√ßais de l'Audit et du Contr√¥le Internes I.F.A.C.I,,,,,,
627,Finances & P√©dagogie,,,,,,
628,Association Fran√ßaise des Tr√©soriers d' Entreprise (AFTE),,,,,,
629,gestion-tresorerie,,,,,,
630,Indigo Blockchain School,,,,,,
631,Blockchain Business School,,,,,,
632,La Chaintech - Association Francophone Blockchain,,,,,,
633,MSH Conseil (Management des syst√®mes humains),,,,,,
634,"ENGDE, √©cole sup√©rieure de gestion et expertise comptable",,,,,,
635,√âcole de Gestion des Risques,,,,,,
636,Formatrans France,,,,,,
637,AFDCC,,,,,,
638,Groupe IGF,,,,,,
639,ADOMLINGUA,,,,,,
640,To Be Continued - Centre de Formation Bailly Romainvilliers,,,,,,
641,SIPCA - Institut de formation des Formateurs-Consultants,,,,,,
642,MMC Formations Paris - Formations pour formateurs,,,,,,
643,Facilit Formation,,,,,,
644,Archipel Formation Professionnelle,,,,,,
645,Gestion De Projet-Auto Formation et Cours Ludique,,,,,,
646,Digital FX Formation,,,,,,
647,Association Formation Emploi Num√©rique - Aforen,,,,,,
648,Apprendre & Transmettre,,,,,,
649,Toute la formation,,,,,,
650,FORMATION DU PRESENT,,,,,,
651,Ressources Formation,,,,,,
652,KN Formation & D√©veloppement,,,,,,
653,Academiste.com : Centre de formation digital,,,,,,
654,Cl√© √† Formations,,,,,,
655,Conseil et formation en gestion du changement,,,,,,
656,Acad√©mie de Puissance Mentale - Ecole Francophone des Coachs en Pr√©paration Mentale,,,,,,
657,QUALIOPI 100% Garantie - SI Consulting : Le Cabinet de Conseil des Acteurs de la Formation - CPF - France Comp√©tences - CFA,,,,,,
658,Qualiopi Certification - Ing√©nierie de la Formation- 100% Certifi√© Qualiopi ou 100% Rembours√© !,,,,,,
659,Accompagnement Qualiopi,,,,,,
660,Qualiopass - Accompagnement √† la certification Qualiopi (audit initial - surveillance - renouvellement),,,,,,
661,Qualitop Formation,,,,,,
662,Qualiview Conseil,,,,,,
663,Centre de bilans de comp√©tences M√©tod Paris 8 CPF Qualiopi,,,,,,
664,Centre de bilans de comp√©tences M√©tod Paris 1er CPF - QUALIOPI,,,,,,
665,Athyr Formation,,,,,,
666,Atefor,,,,,,
667,A.F.T.P.V Association,,,,,,
668,UP FIVE,,,,,,
669,Formation Professionnelle | F2I-Formation,,,,,,
670,INGETIS Paris,,,,,,
671,APTITUDE,,,,,,
672,Institut de L'Expertise,,,,,,
673,CANOPEA FORMATION [Centre Certifi√© Toon Boom],,,,,,
674,Rhinoc√©ros - Formation Professionnelle,,,,,,
675,Crea Image,,,,,,
676,Assessments 24X7 fr - Formation DISC,,,,,,
677,Centre de Formation Laser,,,,,,
678,CVprofessionnel,,,,,,
679,SOS √âducation,,,,,,
680,LFR FORMATION M√©thode intuitive & interactive,,,,,,
681,DJ Network Formation,,,,,,
682,Digitalix Formation,,,,,,
683,Formation Marketing Vente,,,,,,
684,Campus Form by CFPMS,,,,,,
685,FFD Formation,,,,,,
686,Global Training Formation,,,,,,
687,Gordon Crossings,,,,,,
688,"Centre de formation Paris, Leadership, Management, Gestion des conflits, RPS, coaching, team building KOAN ACADEMY",,,,,,
689,MyDigitalSchool Paris,,,,,,
690,My Digital Cook,,,,,,
691,Secret Therapy Academy,,,,,,
692,L'√âcole du Recrutement,,,,,,
693,Edgar People - Cabinet de Recrutement Digital,,,,,,
694,Institut du Recrutement,,,,,,
695,"Offre d'emploi cadres dirigeants paris, europe",,,,,,
696,Eotim,,,,,,
697,"Dixer, formations en marketing digital",,,,,,
698,The e-Commerce Academy,,,,,,
699,merci e-commerce,,,,,,
700,Ecommerce Level Up,,,,,,
701,Formation e-commerce,,,,,,
702,FMS - L'√©cole de commerce du Food Business,,,,,,
703,School Online University,,,,,,
704,La Fabrique,,,,,,
705,24pm Academy,,,,,,
706,Marketing Automation Academy,,,,,,
707,The Design Crew,,,,,,
708,Design Thinking Bootcamp by French Future Academy,,,,,,
709,Usabilis,,,,,,
710,Lorem UX Writing,,,,,,
711,Studiometis,,,,,,
712,Itecom Art design,,,,,,
713,CREAPOLE,,,,,,
714,Formation Design Thinking,,,,,,
715,DSP Digital School Of Paris | La Grande √âcole du Digital,,,,,,
716,Formations Marketing Digital | communication | management,,,,,,
717,Formateur Wordpress √† Paris,,,,,,
718,PixAndWeb13 & Formation,,,,,,
719,Unow,,,,,,
720,Bloomr Impulse,,,,,,
721,Generation France,,,,,,
722,On train,,,,,,
723,Campus Energy Formation - GRDF,,,,,,
724,Centre de Formation de Fermetures Industrielles et Collectifs - CFFIC,,,,,,
725,Ecole d‚Äôimmobilier IMSI Paris,,,,,,
726,Groupe ESPI (Ecole Sup√©rieure des Professions Immobili√®res),,,,,,
727,Suptertiaire Paris - √âcole d'immobilier,,,,,,
728,Ecole Sup√©rieure de l'Immobilier (ESI),,,,,,
729,OEFE,,,,,,
730,Les Secrets de l'Immo I Investissement locatif sur-mesure √† Paris et dans le Grand Paris,,,,,,
731,Gestion Locative Plus,,,,,,
732,Syndex Paris,,,,,,
733,Pr√©vention des Risques au Travail Formation (PRT Formation),,,,,,
734,CFPSP Formations s√©curit√©,,,,,,
735,Pr√©va conseils,,,,,,
736,Pass Sante Travail Formation,,,,,,
737,Scope Sant√© S√©curit√©,,,,,,
738,Institut National d'Expertise en Pr√©vention et S√©curit√©,,,,,,
739,1901 Formation,,,,,,
740,Nomino Formation,,,,,,
741,Ai Environnement - Formation,,,,,,
742,France Nature Environnement,,,,,,
743,France Nature Environnement √éle-de-France,,,,,,
744,F√©d√©ration Nationale d'Agriculture Biologique,,,,,,
745,Institut Sup√©rieur de l'Environnement,,,,,,
746,CPR Asset Management,,,,,,
747,Cfm,,,,,,
748,Assetsman,,,,,,
749,Dataos,,,,,,
750,DPO 101 RGPD,,,,,,
751,AgilBee,,,,,,
752,MHD Formation,,,,,,
753,OCTO Academy,,,,,,
754,Webstart,,,,,,
755,MED TRAINING AND CONSULTING,,,,,,
756,Join Maestro,,,,,,
757,Gladwell Academy France,,,,,,
758,FCT SOLUTIONS,,,,,,
759,QRP International France,,,,,,
760,DataScientest,,,,,,
761,GRPG Formation,,,,,,
762,AgiTips,,,,,,
763,IFGPE,,,,,,
764,EDUCAGILE,,,,,,
765,Apprenant Agile,,,,,,
766,SKILL Vous Faut,,,,,,
767,AB Consulting France,,,,,,
768,Actinuum,,,,,,
769,Skills4All - Formations et certifications internationales,,,,,,
770,W.F Certifications Prep.,,,,,,
771,HUB Institute,,,,,,
772,Cr√©argie,,,,,,
773,Campus Fonderie de l'Image,,,,,,
774,Lean en ligne,,,,,,
775,Rise Up - Solution Learning (LMS/LXP),,,,,,
776,Formation Lean - Cubik,,,,,,
777,Bpifrance Assurance Export,,,,,,
778,Revue Banque Formation,,,,,,
779,Fonds de Garantie des Victimes,,,,,,
780,L'International,,,,,,
781,IFC International Formation Conseil,,,,,,
782,ilci - Institut de Langues et de Commerce International,,,,,,
783,"LFC Conseil ‚Äì Conseil, Formation en Commerce international et Douane",,,,,,
784,ISTELI Paris - Transport & Logistics Management School,,,,,,
785,Ph≈ìnix Logistique,,,,,,
786,"Institut Nemo : Centre de formation de logistique, transport et distribution √† Paris",,,,,,
787,EILOA - √âcole Internationale de Logistique des ≈íuvres d'Art,,,,,,
788,IFALP - Institut Fran√ßais des Achats et de la Logistique Publics,,,,,,
789,ESLI Paris - Ecole Sup√©rieure de Logistique Industrielle / GIP CEI,,,,,,
790,Ecole Internationale du Spa,,,,,,
791,Monsieur Capa,,,,,,
792,Ode Transport,,,,,,
793,Ponts Formation Conseil,,,,,,
794,ALTAPRISMA,,,,,,
795,O D A S C E,,,,,,
796,ED Editions,,,,,,
797,TAKEPORT,,,,,,
798,ESVE - √âcole sup√©rieure de vente et d'exportation,,,,,,
799,Formation-Export,,,,,,
800,Institut F2I,,,,,,
801,ifocop - Centre de Gonesse,,,,,,
802,SEMAE Formation,,,,,,
803,France Supply Chain by Aslog,,,,,,
804,SAG&LOG,,,,,,
805,Cifod Paris Est,,,,,,
806,R AUDIT ET FORMATION,,,,,,
807,La Plateforme de la Formation - Formation CACES - AIPR - Habilitation Electrique ‚Äì SST ‚Äì Port Harnais au plus proche de Paris,,,,,,
808,E.S.T. - Ecole Sup√©rieure des Transports,,,,,,
809,AFTRAL P√¥le Enseignement Sup√©rieur,,,,,,
810,ISTELI Gennevilliers - Transport & Logistics Management School,,,,,,
811,Futurlog - Logistique e-commerce,,,,,,
812,Formalogistics,,,,,,
813,Centre de Formation Blanchard - Capacit√© de Transport,,,,,,
814,Groupe Lean France,,,,,,
815,Forma Lean,,,,,,
816,SAGEFORM,,,,,,
817,Campus Promotrans Paris - La D√©fense,,,,,,
818,Groupe Promotrans,,,,,,
819,Supply Chain Masters,,,,,,
820,Action Formalys - Proformalys,,,,,,
821,SUP de V,,,,,,
822,Estim Formation,,,,,,
823,FNTR F√©d√©ration Nationale des Transports Routiers,,,,,,
824,F√©d√©ration Nationale FO Transports et de la Logistique UNCP,,,,,,
825,FNTV - F√©d√©ration Nationale des Transports de Voyageurs,,,,,,
826,HEKA Formations - Centre de Formation de Transport de Sang et d'Organes,,,,,,
827,aurlom √©ducation,,,,,,
828,HumanCentric Formations Paris | Management | D√©veloppement Personnel,,,,,,
829,COFAD Consulting,,,,,,
830,AED Formation,,,,,,
831,"ECRITORALIUM - Agn√®s DAMAS - Formation en Fran√ßais : FLE, Fran√ßais Professionnel, Remise √† Niveau - Niveaux A1 A2 B1 B2 C1 C2",,,,,,
832,Gymnase du Management,,,,,,
833,Accompagnateur de projets europ√©ens - Welcomeurope,,,,,,
834,ISEK,,,,,,
835,LNF - Les Nouvelles Formations,,,,,,
836,Evolution & Perspectives,,,,,,
837,R√™v'√©lation RH - VAE | Bilan de comp√©tences et d'orientation scolaire | Coach professionnel I Parcoursup | Formations,,,,,,
838,Intelligences Alternatives,,,,,,
839,EFFICOM Paris,,,,,,
840,Evolu Team,,,,,,
841,N√©osoft Training,,,,,,
842,Opco Atlas | √éle-de-France,,,,,,
843,Developpement-PME.com,,,,,,
844,Diversity Conseil,,,,,,
845,V.I.T Very Important Training,,,,,,
846,Anemo,,,,,,
847,ETS Ecole Europ√©enne,,,,,,
848,Travail et Talents,,,,,,
849,Esupcom' Paris,,,,,,
850,YOUR SALES TEAM,,,,,,
851,Formation-leadership,,,,,,
852,Institut de Strat√©gie et de Management International,,,,,,
853,CREAgile - Organisme de formation et conseil en intelligence collective,,,,,,
854,Herv√© Coudi√®re - Hommes et Coop√©ration - consultant management,,,,,,
855,"EMERGENCE, Institut de formation M√©diateur CNV",,,,,,
856,SUPDEWEB Paris,,,,,,
857,L'√âcole des Pros - Ecole de formation en ligne,,,,,,
858,EFAP Paris Champs-√âlys√©es - √âcole de Communication,,,,,,
859,ISEFAC Alternance Paris,,,,,,
860,Paris School of Tourism & Communication,,,,,,
861,LIDEO.CO,,,,,,
862,CIPAS ( Centre de pr√©paration √† l'audit social/soci√©tal ),,,,,,
863,Audit Conseil Formation,,,,,,
864,Ecole Fran√ßaise de Formation √† l'Audit,,,,,,
865,Tanit Formation,,,,,,
866,Man'Agir Consultants,,,,,,
867,Apilean,,,,,,
868,Lion - L'√©cole de l'√®re entrepreneuriale,,,,,,
869,Clean Formation,,,,,,
870,The Lean Six Sigma Company,,,,,,
871,COLEO - Conseil et formation en Lean Construction,,,,,,
872,Performant Consult,,,,,,
873,PAE FORMATION,,,,,,
874,Propassif - formation certification b√¢timent passif passivHauss,,,,,,
875,Apsie,,,,,,
876,BDD FORMATION,,,,,,
877,BSD CONSEIL,,,,,,
878,VIAS Formation espagnol,,,,,,
879,ebd - Les formations de l'information,,,,,,
880,Direction Services Direction D√©veloppement Economique Emploi Enseignement Sup√©rieur Ddeees,,,,,,
881,BDE.ESMD,,,,,,
882,Skillsday,,,,,,
883,FeedBack Formation,,,,,,
884,DOLFI Formation¬∑Lien consult√©,,,,,,
885,CNFP - Le Centre National de Formation Professionnelle,,,,,,
886,CFA des M√©tiers de L'√ânergie,,,,,,
887,√âcole √ânergie Tech,,,,,,
888,Centralesup√©lec Exed,,,,,,
889,ISTELI Noisiel - Transport & Logistics Management School,,,,,,
890,"Manufacture de l'acteur, √©cole de th√©√¢tre professionnelle",,,,,,
891,Studio Muller - Formation d'acteur Th√©√¢tre & Cin√©ma,,,,,,
892,Objectif Formation,,,,,,
893,Laboratoire de l'Acteur-H√©l√®ne ZIDI,,,,,,
894,EFIT (√âcole Fran√ßaise d'Improvisation Th√©√¢trale),,,,,,
895,CEFPF - Centre Europ√©en de Formation √† la Production de Films,,,,,,
896,OBJECTIF FORMATION CINEMA,,,,,,
897,Formitec formation,,,,,,
898,Pactes Conseil Management social,,,,,,
899,La gestion de projet facile,,,,,,
900,MaCertif¬∑Lien consult√©,,,,,,
901,Safe Skills,,,,,,
902,Safe Handling (Formation A√©roportuaire),,,,,,
903,SAFE - Soci√©t√© d'Aide √† la Formation & √† l'Expertise | Formation 95,,,,,,
904,Cap Leader,,,,,,
905,NUMERICTIME Formation CSE et Formation CSSCT,,,,,,
906,Psycho-praticienne en Analyse Transactionnelle - sp√©cialis√©e aupr√®s des cadres-dirigeants,,,,,,
907,Slti Formation,,,,,,
908,Ecole de Sant√© Naturelle,,,,,,
909,Isophrocom - Institut de Formation en Sophrologie et Communication,,,,,,
910,Yo'Time - La pause yoga en entreprise,,,,,,
911,stressee au travail,,,,,,
912,EFIA Formation,,,,,,
913,Fashion Skills - Ecole de formation par correspondance,,,,,,
914,Educatel - Ecole de formation √† distance,,,,,,
915,Skills to Learn,,,,,,
916,Exoformations,,,,,,
917,Side quest formations,,,,,,
918,Votre R√©f√©rent Qualit√©,,,,,,
919,AG Formation,,,,,,
920,Ifis Groupe - Institut de formation des industries de sant√©,,,,,,
921,CUBIK,,,,,,
922,Vocation CRPE,,,,,,
923,AVECsant√© (anciennement FFMPS),,,,,,
924,ANFH,,,,,,
925,SFTG,,,,,,
926,Orient√©a,,,,,,
927,Elansit√©,,,,,,
928,I.M.E.P.P Institut de M√©diation et d'Education Permanent Pantin,,,,,,
929,Chance,,,,,,
930,Axe Formation Insertion,,,,,,
931,Action Connaissance Formation pour la Surdit√©,,,,,,
932,STOPORISK,,,,,,
933,Association Les Eco Maires,,,,,,
934,TASQ-OM,,,,,,
935,Imooving Paris Gare du Nord - ventes r√©parations de trottinettes et v√©los √©lectriques et accessoires,,,,,,
936,Bvt,,,,,,
937,ALIS AGR√â√â APPLE,,,,,,
938,Inter-Actif R√©publique Ô£ø Revendeur Agr√©√© Apple - Centre de Services Agr√©√© Apple,,,,,,
939,idealCO,,,,,,
940,Groupe ACN,,,,,,
941,Gesip,,,,,,
942,EQL - √âcole de la Qualit√© Logicielle,,,,,,
943,Cubes et Petits pois : Formation et Consultations en Diversifications et Education Alimentation Infantile B√©b√©,,,,,,
944,Safety Bus,,,,,,
945,CNPP,,,,,,
946,IFOPSE,,,,,,
947,Hipotel Paris Voltaire Bastille,,,,,,
948,AMET Formation,,,,,,
949,Certup,,,,,,
950,Terra Institute,,,,,,
951,ISCOM,,,,,,
952,Fondation pour la recherche sur la biodiversit√© (FRB),,,,,,
953,Centre National de la Fonction Publique Territoriale (CNFPT),,,,,,
954,France Ville Durable,,,,,,
955,Transition Analyse de Groupe et d'Institution,,,,,,
956,The Shift Project,,,,,,
957,Uniformation,,,,,,
958,OPCO Sant√©,,,,,,
959,Phone Training Formation relation client au t√©l√©phone,,,,,,
960,T√©l√©formation,,,,,,
961,C√©line Fernandez Conseils - Formations Enn√©agramme en entreprise et entre particuliers - Optimiser son potentiel,,,,,,
962,ADIAJ Formation,,,,,,
963,Centre Interdisciplinaire de Formation √† la Fonction Personnel (CIFFOP) - Universit√© Paris-Panth√©on-Assas,,,,,,
964,SUP des RH,,,,,,
965,Ecole IGS-RH Paris,,,,,,
966,ESGRH,,,,,,
967,EOS Solutions RH - Organisme de formation,,,,,,
968,Coach certifi√©e - Reconversion / Entrepreneuriat / Mindset - Rand'Ose - Alexandra Ridoux,,,,,,
969,PROXIMACTION RH - cabinet de coaching et de formations pnl,,,,,,
970,Coaching professionnel 1h30.com,,,,,,
971,"Coaching Hypersensibilit√© Professionnel & Personnel - Cadres Dirigeants, Particuliers - Amescience",,,,,,
972,Les Entretiens,,,,,,
973,AJC Formation,,,,,,
974,Inopia,,,,,,
975,Acad√©mie de l'Emploi - Formation et Coaching,,,,,,
976,Comp√©tences et m√©tiers,,,,,,
977,Potentiel & talents,,,,,,
978,D√©velopper les talents,,,,,,
979,Talent Program | Cabinet de Recrutement Paris,,,,,,
980,Perspectives Talents,,,,,,
981,Rachel Grellier,,,,,,
982,Formation informatique et bureautique (Excel Word ...) 77 - ICDL (Pcie) √©ligible CPF,,,,,,
983,CSA International Expertise Comptable,,,,,,
984,PLANETE CSCA - Syndicat des courtiers d'assurances en France,,,,,,
985,CSA,,,,,,
986,CSA95,,,,,,
987,La Casa del Tango,,,,,,
988,Institut de la La√Øcit√©,,,,,,
989,√âquation publique,,,,,,
990,APEPSUP¬∑Lien consult√©,,,,,,
991,Formation Quality Process,,,,,,
992,Scribtel Formation,,,,,,
993,EIMAJIN - √©cole internationale des m√©tiers de l'animation et du jeu interactif num√©rique,,,,,,
994,G2R Formation,,,,,,
995,Institut G4 PARIS,,,,,,
996,Culture et Formation,,,,,,
997,Scrimba,,,,,,
998,ESSEC Business School,,,,,,
999,CVS Health,,,,,,
1000,University of Michigan,,,,,,
1001,Universidad de Chile,,,,,,
1002,IE Business School,,,,,,
1003,Google,,,,,,
1004,Coursera Instructor Network,,,,,,
1005,Universitat Aut√≤noma de Barcelona,,,,,,
1006,Starweaver,,,,,,
1007,Universit√† Bocconi,,,,,,
1008,Universidade de S√£o Paulo,,,,,,
1009,Universidad de Palermo,,,,,,
1010,"University of California, Irvine",,,,,,
1011,Coursera Project Network,,,,,,
1012,University of New Mexico,,,,,,
1013,Universidad de los Andes,,,,,,
1014,University of Geneva,,,,,,
1015,Sciences Po,,,,,,
1016,Deep Teaching Solutions,,,,,,
1017,Macquarie University,,,,,,
1018,Erasmus University Rotterdam,,,,,,
1019,Google Cloud,,,,,,
1020,Universitat de Barcelona,,,,,,
1021,Columbia University,,,,,,
1022,Tecnol√≥gico de Monterrey,,,,,,
1023,"University of Maryland, College Park",,,,,,
1024,University of Colorado Boulder,,,,,,
1025,Georgia Institute of Technology,,,,,,
1026,National University of Singapore,,,,,,
1027,The University of Sydney,,,,,,
1028,University of Pennsylvania,,,,,,
1029,University of Illinois Urbana-Champaign,,,,,,
1030,Rice University,,,,,,
1031,University of Toronto,,,,,,
1032,Rutgers the State University of New Jersey,,,,,,
1033,Meta,,,,,,
1034,Microsoft,,,,,,
1035,"University of California, Davis",,,,,,
1036,University of London,,,,,,
1037,University of Amsterdam,,,,,,
1038,The Hong Kong University of Science and Technology,,,,,,
1039,The State University of New York,,,,,,
1040,√âcole Polytechnique,,,,,,
1041,Pontificia Universidad Cat√≥lica de Chile,,,,,,
1042,IESE Business School,,,,,,
1043,University of Washington,,,,,,
1044,DeepLearning.AI,,,,,,
1045,Vanderbilt University,,,,,,
1046,Northwestern University,,,,,,
1047,Insper,,,,,,
1048,Tally Education and Distribution Services Private Limited,,,,,,
1049,√âcole Polytechnique F√©d√©rale de Lausanne,,,,,,
1050,Intuit,,,,,,
1051,Universidad Austral,,,,,,
1052,Universidad Nacional Aut√≥noma de M√©xico,,,,,,
1053,√âcole des Ponts ParisTech,,,,,,
1054,√âcole normale sup√©rieure,,,,,,
1055,University of Virginia,,,,,,
1056,California Institute of the Arts,,,,,,
1057,Technical University of Denmark (DTU),,,,,,
1058,Universiteit Leiden,,,,,,
1059,Case Western Reserve University,,,,,,
1060,MedCerts,,,,,,
1061,SkillUp EdTech,,,,,,
1062,University of Minnesota,,,,,,
1063,IBM,,,,,,
1064,PwC,,,,,,
1065,Universidade Estadual de Campinas,,,,,,
1066,Yale University,,,,,,
1067,Johns Hopkins University,,,,,,
1068,Duke University,,,,,,
1069,Corporate Finance Institute,,,,,,
1070,Knowledge Accelerators,,,,,,
1071,LearnKartS,,,,,,
1072,EDUCBA,,,,,,
1073,University of Cape Town,,,,,,
1074,HEC Paris,,,,,,
1075,Salesforce,,,,,,
1076,"Automatic Data Processing, Inc. (ADP)",,,,,,
1077,Funda√ß√£o Instituto de Administra√ß√£o,,,,,,
1078,Board Infinity,,,,,,
1079,Olay,,,,,,
1080,ISAE-SUPAERO,,,,,,
1081,Instituto Tecnol√≥gico de Aeron√°utica,,,,,,
1082,Technion - Israel Institute of Technology,,,,,,
1083,University of Virginia Darden School Foundation,,,,,,
1084,Stanford University,,,,,,
1085,SAS,,,,,,
1086,The University of Melbourne,,,,,,
1087,New York University,,,,,,
1088,Campus BBVA,,,,,,
1089,Plusieurs enseignants,,,,,,
1090,Copenhagen Business School,,,,,,
1091,Lund University,,,,,,
1092,Politecnico di Milano,,,,,,
1093,McMaster University,,,,,,
1094,Korea Advanced Institute of Science and Technology(KAIST),,,,,,
1095,Arizona State University,,,,,,
1096,Dartmouth College,,,,,,
1097,HRCI,,,,,,
1098,Adobe,,,,,,
1099,Imperial College London,,,,,,
1100,Berklee,,,,,,
1101,Princeton University,,,,,,
1102,Unilever,,,,,,
1103,New York Institute of Finance,,,,,,
1104,University of Manchester,,,,,,
1105,GitLab,,,,,,
1106,EIT Digital,,,,,,
1107,University of Western Australia,,,,,,
1108,Commonwealth Education Trust,,,,,,
1109,The University of Chicago,,,,,,
1110,Siemens,,,,,,
1111,IIMA - IIM Ahmedabad,,,,,,
1112,The University of North Carolina at Chapel Hill,,,,,,
1113,Banco Interamericano de Desarrollo,,,,,,
1114,University of Copenhagen,,,,,,
1115,ISC2,,,,,,
1116,Digital Marketing Institute,,,,,,
1117,L EduTech,,,,,,
1118,Goldman Sachs,,,,,,
1119,University of California San Diego,,,,,,
1120,Yonsei University,,,,,,
1121,Atlassian,,,,,,
1122,University of Alberta,,,,,,
1123,University of Colorado System,,,,,,
1124,BCG,,,,,,
1125,The Pennsylvania State University,,,,,,
1126,Illinois Tech,,,,,,
1127,Amazon Ads,,,,,,
1128,The World Bank Group,,,,,,
1129,ESCP Business School,,,,,,
1130,Emory University,,,,,,
1131,Institut Mines-T√©l√©com,,,,,,
1132,University of Florida,,,,,,
1133,Eindhoven University of Technology,,,,,,
1134,University at Buffalo,,,,,,
1135,Kennesaw State University,,,,,,
1136,The George Washington University,,,,,,
1137,UNSW Sydney (The University of New South Wales),,,,,,
1138,UiPath,,,,,,
1139,Red Hat,,,,,,
1140,Universit√† di Napoli Federico II,,,,,,
1141,University of Lausanne,,,,,,
1142,University of Glasgow,,,,,,
1143,Amazon Web Services,,,,,,
1144,The University of Edinburgh,,,,,,
1145,Universidad Aut√≥noma Metropolitana,,,,,,
1146,LT EduTech,,,,,,
1147,UBITS,,,,,,
1148,Michigan State University,,,,,,
1149,Edureka,,,,,,
1150,Wesleyan University,,,,,,
1151,Peking University,,,,,,
1152,Packt,,,,,,
1153,National Taiwan University,,,,,,
1154,Goodwill Industries International,,,,,,
1155,West Virginia University,,,,,,
1156,Splunk Inc.,,,,,,
1157,LearnQuest,,,,,,
1158,Tableau Learning Partner,,,,,,
1159,University of Zurich,,,,,,
1160,SAP,,,,,,
1161,INSEAD,,,,,,
1162,Novartis,,,,,,
1163,University of Houston,,,,,,
1164,Howard University,,,,,,
1165,Universidad ORT Uruguay,,,,,,
1166,Aptly,,,,,,
1167,EC-Council,,,,,,
1168,LT EduTech,,,,,,
1169,Pontificia Universidad Cat√≥lica del Per√∫,,,,,,
1170,GRAMMY GO,,,,,,
1171,American Museum of Natural History,,,,,,
1172,O.P. Jindal Global University,,,,,,
